alexa-skills-kit-nodejs-factskill,arn:aws:serverlessrepo:us-east-1:173334852312:applications/alexa-skills-kit-nodejs-factskill,Alexa Skills Kit,10729,"skills,fact,alexa","This Alexa sample skill is a template for a basic fact skill. Provided a list of interesting facts about a topic, Alexa will select a fact at random and tell it to the user when the skill is invoked."
alexa-skills-kit-nodejs-triviaskill,arn:aws:serverlessrepo:us-east-1:173334852312:applications/alexa-skills-kit-nodejs-triviaskill,Alexa Skills Kit,981,"skill,trivia,alexa",This Alexa sample skill is a template for a trivia style game with score keeping. Alexa will ask you a multiple choice questions and seek your response. Correct and Incorrect answers to questions are recorded.
SecretsManagerRDSMySQLRotationSingleUser,arn:aws:serverlessrepo:us-east-1:297356227824:applications/SecretsManagerRDSMySQLRotationSingleUser,AWS Secrets Manager,970,,Conducts an AWS SecretsManager secret rotation for RDS MySQL using the single user rotation scheme
alexa-skills-kit-nodejs-howtoskill,arn:aws:serverlessrepo:us-east-1:173334852312:applications/alexa-skills-kit-nodejs-howtoskill,Alexa Skills Kit,598,"howto,skill,alexa","Create a parameter-based skill using a template called ‘Minecraft Helper’. Ask how to craft an item in the game Minecraft, and this skill will give you instructions."
hello-world,arn:aws:serverlessrepo:us-east-1:077246666028:applications/hello-world,AWS,520,,A starter hello-world serverless application
SecretsManagerRDSPostgreSQLRotationSingleUser,arn:aws:serverlessrepo:us-east-1:297356227824:applications/SecretsManagerRDSPostgreSQLRotationSingleUser,AWS Secrets Manager,469,,Conducts an AWS SecretsManager secret rotation for RDS PostgreSQL using single user rotation scheme
alexa-skills-kit-color-expert-python,arn:aws:serverlessrepo:us-east-1:077246666028:applications/alexa-skills-kit-color-expert-python,AWS,361,,Demonstrates a basic skill built with the Amazon Alexa Skills Kit.
SecretsManagerRDSMySQLRotationMultiUser,arn:aws:serverlessrepo:us-east-1:297356227824:applications/SecretsManagerRDSMySQLRotationMultiUser,AWS Secrets Manager,282,,Conducts an AWS SecretsManager secret rotation for RDS MySQL using the multiple user rotation scheme
microservice-http-endpoint,arn:aws:serverlessrepo:us-east-1:077246666028:applications/microservice-http-endpoint,AWS,258,,A simple backend (read/write to DynamoDB) with a RESTful API endpoint using Amazon API Gateway.
image-resizer-service,arn:aws:serverlessrepo:us-east-1:526515951862:applications/image-resizer-service,Cagatay Gurturk,214,"jpg,image,png,resize,picture",This serverless application deploys a Lambda function and API Gateway to your AWS account that reads images from a S3 bucket (whose name defined at deployment) and serves them through API Gateway with original or desired dimensions.
Datadog-RDS-Enhanced,arn:aws:serverlessrepo:us-east-1:464622532012:applications/Datadog-RDS-Enhanced,Datadog,182,"rds,enhanced,datadog,metrics,logs","The Datadog RDS enhanced monitoring application collects granular operating system level metrics from CloudWatch logs and sends them to Datadog for alerting, dashboarding, and analyzing."
SecretsManagerRDSPostgreSQLRotationMultiUser,arn:aws:serverlessrepo:us-east-1:297356227824:applications/SecretsManagerRDSPostgreSQLRotationMultiUser,AWS Secrets Manager,160,,Conducts an AWS SecretsManager secret rotation for RDS PostgreSQL using the multiple user rotation scheme
alexa-skills-kit-color-expert,arn:aws:serverlessrepo:us-east-1:077246666028:applications/alexa-skills-kit-color-expert,AWS,158,,Demonstrates a basic skill built with the Amazon Alexa Skills Kit.
hello-world-python3,arn:aws:serverlessrepo:us-east-1:077246666028:applications/hello-world-python3,AWS,140,,A started hello-world serverless application in python3
signalfx-lambda-example-nodejs,arn:aws:serverlessrepo:us-east-1:134183635603:applications/signalfx-lambda-example-nodejs,SignalFx,125,"signalfx,metrics,realtime,wrapper",Example of sending metrics from NodeJs Lambda using SignalFx Wrapper to SignalFx in real-time.
dynamodb-elasticsearch,arn:aws:serverlessrepo:us-east-1:831212071815:applications/dynamodb-elasticsearch,Kwun-Hok Chan,119,"elasticsearch,AWS,sample,dynamodb",An example AWS Lambda function to index records from DynamoDB to ElasticSearch.
dynamodb-display,arn:aws:serverlessrepo:us-east-1:251940851769:applications/dynamodb-display,Jagsp,113,"lambda,api-gateway,dynamodb",This is a dynamic s3 website which uses API gateway and Lambda to scan a Dynamodb Table and displays in tabular format.
https-request,arn:aws:serverlessrepo:us-east-1:077246666028:applications/https-request,AWS,111,,Demonstrates using a built-in Node.js module to make an HTTPS request.
uploader,arn:aws:serverlessrepo:us-east-1:233054207705:applications/uploader,evan chiu,110,"s3,web-app,upload,nodejs",Serverless web application for uploading files to S3
standard-redirects-for-cloudfront,arn:aws:serverlessrepo:us-east-1:621073008195:applications/standard-redirects-for-cloudfront,Digital Sailors,98,,"A Lambda@Edge function that implements standard web server redirects that simplify directory handling. It handles ""internal"" redirects from /foo/ to /foo/index.html and ""external"" redirects from /foo/index.html to /foo/.
"
s3-get-object,arn:aws:serverlessrepo:us-east-1:077246666028:applications/s3-get-object,AWS,94,,An Amazon S3 trigger that retrieves metadata for the object that has been updated.
WebScraper,arn:aws:serverlessrepo:us-east-1:339543757547:applications/WebScraper,ryfeus,92,"scraping,selenium,phantomJS,parse,web-scraping","
Selenium on PhantomJS. In fact - a ready-made tool for web scraping. For example, the demo parses a random page in Wikipedia and sends its header. (PhantomJS at the same time disguises as a normal browser, knows how to log in, click and fill out forms) "
SecretsManagerRotationTemplate,arn:aws:serverlessrepo:us-east-1:297356227824:applications/SecretsManagerRotationTemplate,AWS Secrets Manager,92,,Creates a templated lambda to be used by AWS SecretsManager for secret rotation
simple-mobile-backend,arn:aws:serverlessrepo:us-east-1:077246666028:applications/simple-mobile-backend,AWS,91,,A simple mobile backend (read/write to DynamoDB).
image-processing-service,arn:aws:serverlessrepo:us-east-1:077246666028:applications/image-processing-service,AWS,85,"ImageMagick,AWS,sample","Uses ImageMagick to perform simple image processing operations, such as resizing."
api-lambda-save-dynamodb,arn:aws:serverlessrepo:us-east-1:375983427419:applications/api-lambda-save-dynamodb,Aleksandar Simovic,83,"lambda,save,api,nodejs,store,dynamodb,put","This is an serverless component consisting of a Lambda function, API Gateway and a DynamoDB table. Its API Gateway receives request data, sends it to your Lambda function which saves request data to a DynamoDB table. Supports CORS. Written in Node.js. "
hello-world-python,arn:aws:serverlessrepo:us-east-1:077246666028:applications/hello-world-python,AWS,80,,A starter hello-world serverless application in python
serverless-survey,arn:aws:serverlessrepo:us-east-1:194383749778:applications/serverless-survey,Tomasz Stachlewski,77,"lambda,survey,serverless,html,dynamodb","Thanks to this application, you will be to quickly generate your own serverless survey. Just fill out configuration file with questions which should be part of the survey and save your app. In just a few seconds, your survey will be available!"
hello-world-go,arn:aws:serverlessrepo:us-east-1:831212071815:applications/hello-world-go,Kwun-Hok Chan,75,"go,hello-world,aws,sample","A sample hello world Lambda application written in Go, using eawsy/aws-lambda-go-shim."
cloudfront-response-generation,arn:aws:serverlessrepo:us-east-1:077246666028:applications/cloudfront-response-generation,AWS,72,,Sample application for generating a response from viewer-request trigger implemented in NodeJS.
alexa-smart-home-skill-adapter,arn:aws:serverlessrepo:us-east-1:077246666028:applications/alexa-smart-home-skill-adapter,AWS,71,,Provides the basic framework for a skill adapter for a smart home skill.
Contact-Us,arn:aws:serverlessrepo:us-east-1:132093761664:applications/Contact-Us,Randy Findley,68,"lambda,website,static,api-gateway,recaptcha,sns,contact-us","Need a ""contact us"" form on your static website?  

This template uses API Gateway, Lambda, and SNS to create a Serverless ""contact us"" form for your static website."
serverless-todo,arn:aws:serverlessrepo:us-east-1:233054207705:applications/serverless-todo,evanchiu,68,"todo,lambda,api-gateway,react,nodejs,dynamodb",React TodoMVC with a Serverless backend
hello-go-serverless-webapp,arn:aws:serverlessrepo:us-east-1:713541911133:applications/hello-go-serverless-webapp,Drew Dresser,67,"lambda,go,api-gateway,api",A getting started application to deploy an API with API Gateway and a Lambda written in Go.
sqs-poller,arn:aws:serverlessrepo:us-east-1:077246666028:applications/sqs-poller,AWS,60,,Periodically polls an SQS queue and asynchronously consumes each message.
lambda-web-page-example,arn:aws:serverlessrepo:us-east-2:494028075635:applications/lambda-web-page-example,Chris Lennon,60,,This component creates an API Gateway endpoint that is linked to a Lambda function that returns HTML (i.e. page can be viewed in a web browser)
api-gateway-authorizer-nodejs,arn:aws:serverlessrepo:us-east-1:077246666028:applications/api-gateway-authorizer-nodejs,AWS,57,api-gateway,"A sample application for API Gateway custom authorizers, implemented in NodeJS."
alexa-anagram,arn:aws:serverlessrepo:us-east-1:233054207705:applications/alexa-anagram,evanchiu,50,"anagram,alexa,nodejs",Alexa responds with the count and anagrams for a requested word
CodePipelineSlackNotifier,arn:aws:serverlessrepo:us-east-1:392967531616:applications/CodePipelineSlackNotifier,Symphonia,49,"Slack,CodePipeline",Post notifications to Slack when Code Pipeline Events occur
microservice-http-endpoint-python3,arn:aws:serverlessrepo:us-east-1:077246666028:applications/microservice-http-endpoint-python3,AWS,47,,A simple backend (read/write to DynamoDB) with a RESTful API endpoint using Amazon API Gateway.
sns-message,arn:aws:serverlessrepo:us-east-1:077246666028:applications/sns-message,AWS,46,,An Amazon SNS trigger that logs the message pushed to the SNS topic.
s3-get-object-python3,arn:aws:serverlessrepo:us-east-1:077246666028:applications/s3-get-object-python3,AWS,46,,An Amazon S3 trigger that retrieves metadata for the object that has been updated.
cloudwatch-alarm-to-slack,arn:aws:serverlessrepo:us-east-1:077246666028:applications/cloudwatch-alarm-to-slack,AWS,45,"CloudWatch,SNS,trigger,AWS,sample",Serverless application that sends CloudWatch alarm notifications to Slack on an Amazon SNS trigger
rekognition-python,arn:aws:serverlessrepo:us-east-1:077246666028:applications/rekognition-python,AWS,43,,An Amazon S3 trigger that uses rekognition APIs to detect faces
cloudfront-http-redirect,arn:aws:serverlessrepo:us-east-1:077246666028:applications/cloudfront-http-redirect,AWS,42,,Sample application for returning HTTP redirect implemented in NodeJS.
s3-thumbnail,arn:aws:serverlessrepo:us-east-1:831212071815:applications/s3-thumbnail,Kwun-Hok Chan,41,"s3,thumbnail,golang,go,aws",Generate thumbnails for images uploaded to S3
s3-lambda-save-dynamodb,arn:aws:serverlessrepo:us-east-1:375983427419:applications/s3-lambda-save-dynamodb,Aleksandar Simovic,41,"s3,lambda,file,save,nodejs,event,dynamodb,put","This is a S3 Lambda that listens to an event when a file is stored in a S3 Bucket. It then saves information about the stored file in a DynamoDB table.
Written in Node.js. It's a Nuts & Bolts application component for AWS Serverless Application Repository."
skill-sample-nodejs-salesforce,arn:aws:serverlessrepo:us-east-1:473507220772:applications/skill-sample-nodejs-salesforce,Alexa for Business,41,"salesforce,alexa-for-business,alexa","This sample Alexa skill demonstrates how to build an Alexa private skill that integrates with your Salesforce data, utilizing account linking and a personal voice code. Once you've linked an account, you can find and modify your sales opportunities."
microservice-http-endpoint-python,arn:aws:serverlessrepo:us-east-1:077246666028:applications/microservice-http-endpoint-python,AWS,40,,A simple backend (read/write to DynamoDB) with a RESTful API endpoint using Amazon API Gateway.
lambdium,arn:aws:serverlessrepo:us-east-1:156280089524:applications/lambdium,Clay Smith,38,"headless,chromium,selenium,chrome,webdriver",Run new and existing Selenium Webdriver scripts written in Javascript with the headless chromium browser.
pipeline-dashboard,arn:aws:serverlessrepo:us-east-1:923120264911:applications/pipeline-dashboard,Stelligent,35,"codepipeline,pipeline,dashboard",Simple dashboard built for viewing pipeline metrics in AWS. 
splunk-logging,arn:aws:serverlessrepo:us-east-1:708419456681:applications/splunk-logging,Splunk,35,"hec,splunk,logging,nodejs",A simple function that sends logs & events to Splunk HTTP Event Collector (HEC).
acloudguru-alexadevs-triviaskill,arn:aws:serverlessrepo:us-east-1:255532471201:applications/acloudguru-alexadevs-triviaskill,Nick Triantafillou,34,"acloudguru,alexa","Used in episode 3 of ""Alexa Devs"" - a series to learn how to develop alexa skills"
aws-serverless-sqs-event-source,arn:aws:serverlessrepo:us-east-1:077246666028:applications/aws-serverless-sqs-event-source,AWS,33,"SQS,AWS,Lambda",This serverless app periodically polls a given SQS queue and invokes a given lambda function to process messages. 
resize,arn:aws:serverlessrepo:us-east-1:233054207705:applications/resize,evanchiu,32,"s3,image,transform,nodejs,serverless-galleria",Copy and resize images using Lambda.
stu,arn:aws:serverlessrepo:us-east-1:233054207705:applications/stu,evanchiu,32,"lambda,api-gateway,nodejs,dynamodb,url,codestar",Serverless url shortener
crypto-monitor,arn:aws:serverlessrepo:us-east-1:713541911133:applications/crypto-monitor,Drew Dresser,32,"cryptocurrency,lambda,sns,dynamodb",Collect and store crypto currency prices of the top 200 coins according to market cap. Alert yourself if one of your coins is changing price significantly.
cfn-nag-pipeline,arn:aws:serverlessrepo:us-east-1:923120264911:applications/cfn-nag-pipeline,Stelligent,31,"codepipeline,cfn_nag,cloudformation",A lambda function to run cfn_nag as an action in CodePipeline
cloudfront-modify-response-header,arn:aws:serverlessrepo:us-east-1:077246666028:applications/cloudfront-modify-response-header,AWS,31,,Sample application for modifying CloudFront response header implemented in NodeJS.
s3-static-site,arn:aws:serverlessrepo:us-east-1:608343948505:applications/s3-static-site,taptap,30,"s3,static-site","Create a static website with CloudFormation and SAM with S3.

This template create a bucket and bucket with www to redirect to the master bucket."
sns-message-python,arn:aws:serverlessrepo:us-east-1:077246666028:applications/sns-message-python,AWS,30,,An Amazon SNS trigger that logs the message pushed to the SNS topic.
Tesseract,arn:aws:serverlessrepo:us-east-1:339543757547:applications/Tesseract,ryfeus,29,"tesseract,recognition,ocr,ml",Tesseract is OCR recognition library which allows to get text from given image.
slack-echo-command,arn:aws:serverlessrepo:us-east-1:077246666028:applications/slack-echo-command,AWS,28,,A function that handles a Slack slash command and echoes the details back to the user.
lex-book-trip,arn:aws:serverlessrepo:us-east-1:077246666028:applications/lex-book-trip,AWS,27,,"Book details of a visit, using Amazon Lex to perform natural language understanding"
simple-contact-us-handler,arn:aws:serverlessrepo:us-east-1:318300609668:applications/simple-contact-us-handler,SLAppForge,27,"website,contact,api-gateway,nodejs,dynamodb,contact-us","This sample demonstrates the use of AWS Lambda, DynamoDB and API Gateway to implement a simple contact us form for a static web site."
tic-tac-toe,arn:aws:serverlessrepo:us-east-1:459069303489:applications/tic-tac-toe,hiroki8080,27,"python3,game,sample","This is a serverless little game sample.
You can play games with two players via different browsers.
It uses that the temporary data is held within the time-out period."
serverless-cognito,arn:aws:serverlessrepo:us-east-1:517266833056:applications/serverless-cognito,Marek Kuczynski,26,"cognito,lambda,api,login","Authenticate your users through Cognito, Lambda and API Gateway. The script will set a local cookie in the browser and prompt for reauthentication by the user if needed. 

More information; https://github.com/marekq/serverless-cognito
"
machine-learning-with-scikit-learn-on-lamdba,arn:aws:serverlessrepo:us-east-1:773146748696:applications/machine-learning-with-scikit-learn-on-lamdba,Pierre-Antoine Sondag,26,"machine,learning,ml,scikit,learn,pandas,regression,lambda,python,numpy","Train and run a Machine Learning model to predict the quality of your red wine. This app aims at showcasing how to train a regression model with Scikit Learn on Lambda, and then use the model to do predictions still on Lambda."
greengrass-hello-world-nodejs,arn:aws:serverlessrepo:us-east-1:077246666028:applications/greengrass-hello-world-nodejs,AWS,25,"hell-world,Greengrass,AWS,sample",Deploy the Lambda function created by this serverless application to a Greengrass core where it will send a hello world message to a topic
DailyDoggo,arn:aws:serverlessrepo:us-east-1:653771569958:applications/DailyDoggo,Kevin McCandless,25,"lambda,sns,dog","Send a link to a random dog picture to a phone number daily, via AWS Lambda and SNS."
Geocode,arn:aws:serverlessrepo:us-east-1:242721718429:applications/Geocode,HERE Technologies,25,"geolocation,location,geocode","Convert street addresses to geo-coordinates and vice-versa with geocoding, including landmarks, and reverse geocoding."
whats-your-name,arn:aws:serverlessrepo:us-east-1:180876865127:applications/whats-your-name,Piotr Mlocek,24,"s3,lambda,ai,api-gateway,photo,rekognition,picture",App that can recognize who is on the photo! Create a collection by uploading photos of people you want to recognize and then use the web-app to check who is on the picture (you can use your mobile phone's camera!)
ses-notification-nodejs,arn:aws:serverlessrepo:us-east-1:077246666028:applications/ses-notification-nodejs,AWS,24,,"An Amazon SES notification handler for processing bounces, complaints and deliveries."
magic-8-ball,arn:aws:serverlessrepo:us-east-1:194383749778:applications/magic-8-ball,Tomasz Stachlewski,24,"game,lambda","Serverless Magic 8-Ball is serverless version of fortune-telling / seeking advice toy. If you will deploy it, you will never have problem to quickly make a live changing decision!"
NewRelic-log-ingestion,arn:aws:serverlessrepo:us-east-1:463657938898:applications/NewRelic-log-ingestion,New Relic,24,"rds,enhanced,log,vpc,ingestion,monitoring,newrelic,flowlogs","Send log data from CloudWatch Logs and S3 to New Relic Infrastructure - Cloud Integrations.
RDS enhanced monitoring and VPC FlowLogs."
splunk-kinesis-stream-processor,arn:aws:serverlessrepo:us-east-1:708419456681:applications/splunk-kinesis-stream-processor,Splunk,22,"kinesis-stream,hec,splunk,nodejs,kinesis",Stream events from AWS Kinesis Stream to Splunk HTTP Event Collector (HEC).
dynamodb-process-stream-python3,arn:aws:serverlessrepo:us-east-1:077246666028:applications/dynamodb-process-stream-python3,AWS,22,"data,DynamoDB,update,trigger,AWS,sample",An Amazon DynamoDB trigger that logs the updates made to a table.
cloudfront-redirect-on-viewer-country,arn:aws:serverlessrepo:us-east-1:077246666028:applications/cloudfront-redirect-on-viewer-country,AWS,21,,Sample application for generating a redirect response based on the viewer country. Triggered by an origin-request. Implemented in NodeJS.
step-functions-send-to-sns,arn:aws:serverlessrepo:us-east-1:077246666028:applications/step-functions-send-to-sns,AWS,21,,Sends an SNS message from input JSON
aws-serverless-twitter-event-source,arn:aws:serverlessrepo:us-east-1:077246666028:applications/aws-serverless-twitter-event-source,AWS,21,"Twitter,AWS,Lambda,event-source",This serverless app turns a twitter search query into an AWS Lambda event source by invoking a given lambda function to process tweets found by search.
api-lambda-get-all-dynamodb,arn:aws:serverlessrepo:us-east-1:375983427419:applications/api-lambda-get-all-dynamodb,Aleksandar Simovic,21,"all,lambda,item,get,scan,api,nodejs,dynamodb","This is a Lambda function that receives an API Gateway request and retrieves (gets) all items from a DynamoDB table. 
Supports CORS. Written in Node.js. 
It's a Nuts & Bolts application component for AWS Serverless Application Repository."
slack-slash-hodor,arn:aws:serverlessrepo:us-east-1:485061371590:applications/slack-slash-hodor,Dan Lamb,20,"slack,slash,hodor","Demonstrates basic handling of a Slack slash command by responding to questions from users.  Sets up a new '/Hodor' Slack Slash Command:

/Hodor what is the meaning of life?
"
alexa-random-restaurant,arn:aws:serverlessrepo:us-east-1:934629381695:applications/alexa-random-restaurant,Harsha Warrdhan Sharma,20,,A basic python based back-end for an Alexa skill that randomly gives you an open restaurant in a specified city using the Yelp API.
s3-lambda-publisher-sns,arn:aws:serverlessrepo:us-east-1:375983427419:applications/s3-lambda-publisher-sns,Aleksandar Simovic,19,"s3,lambda,publish,sns,create,nodejs,event,put","This is a S3 Lambda that listens to an event when a file is stored in a S3 Bucket. Then it publishes a message to a SNS topic with the S3 event data.
Written in Node.js. It's a Nuts & Bolts application component for AWS Serverless Application Repository."
s3-replicator,arn:aws:serverlessrepo:us-east-1:233054207705:applications/s3-replicator,evanchiu,19,"s3,copy",Replicates S3 objects to configured buckets
api-gateway-authorizer-python,arn:aws:serverlessrepo:us-east-1:077246666028:applications/api-gateway-authorizer-python,AWS,19,,"A sample application for API Gateway custom authorizers, implemented in Python 2.7."
Datadog-VPC-Flow-Logs,arn:aws:serverlessrepo:us-east-1:464622532012:applications/Datadog-VPC-Flow-Logs,Datadog,19,"datadog,vpc,metrics,flowlog,logs","The Datadog VPC flow log application captures flow log data from CloudWatch logs, parses out metrics and tags, ands sends it to Datadog for alerting, dashboarding, and analyzing. "
ec2-instance-stop-python3,arn:aws:serverlessrepo:us-east-1:438704618616:applications/ec2-instance-stop-python3,Yuji Nishimura,18,"python,ec2","This function is a function to stop the EC2 instance.
After deployment, CloudWatch Events is set.
Please set IAM police."
tensorlambda,arn:aws:serverlessrepo:us-east-1:339543757547:applications/tensorlambda,ryfeus,18,"machine-learning,tensorflow,deep-learning,dl,keras,ml","Tensorflow 1.4 (Keras included) on AWS Lambda.

Open source library for Machine Intelligence. Using tensorflow on lambda is not as bad as it may sound - for some simple models it is the simplest and the cheapest way to deploy."
codepipeline-artifact-merge,arn:aws:serverlessrepo:us-east-1:775015977546:applications/codepipeline-artifact-merge,Sami Tanbouz,17,"codepipeline,codedeploy",Merge artifacts in AWS CodePipeline into a single artifact using AWS Lambda.
alexa-salesforce-notes-sample,arn:aws:serverlessrepo:us-east-1:473507220772:applications/alexa-salesforce-notes-sample,Alexa for Business,17,"salesforce,alexa-for-business,alexa","This skill demonstrates how to build a private Alexa skill to access Salesforce data. This skill identifies a given opportunity, tracks a series of statements that a user gives, and posts those either as a note or as a Chatter post. "
Twitter-Poller-to-Kinesis-Firehose,arn:aws:serverlessrepo:us-east-1:381943442500:applications/Twitter-Poller-to-Kinesis-Firehose,Adam Westrich,17,"Alexa,Kinesis,Firehose,DynamoDB,Twitter,Voice,Powered,Lambda,Analytics","Query Twitter, which sends tweets to Kinesis Firehose to stream into a data source (eg S3) for query aggregations. Foundational setup of popular self-paced Voice Powered Analytics workshop https://github.com/awslabs/voice-powered-analytics"
api-lambda-get-one-dynamodb,arn:aws:serverlessrepo:us-east-1:375983427419:applications/api-lambda-get-one-dynamodb,Aleksandar Simovic,17,"lambda,item,get,api,nodejs,dynamodb","This is a Lambda function that receives an API Gateway request and retrieves (gets) one item from a DynamoDB table. 

Supports CORS. Written in Node.js. 

It's a Nuts & Bolts application component for AWS Serverless Application Repository."
AutoUpdateCloudfrontSecurityGroups,arn:aws:serverlessrepo:us-east-1:194984328286:applications/AutoUpdateCloudfrontSecurityGroups,Five Talent,17,"CloudFront,SGs","Triggered by an AWS SNS notification that their IP blocks have been updated, this function will automatically update your Security Groups with specific tags."
DocumentGenerator,arn:aws:serverlessrepo:us-east-1:339543757547:applications/DocumentGenerator,ryfeus,17,"DOCX,XLSX,presentation,PPTX,PDF,document,book,EPUB,office,microsoft","PDF, DOCX, XLSX, PPTX, EPUB generator. Enables to create/modify custom microsoft office documents + PDFs and books. Example code in the repo generates example of each of the document mentioned. 
"
file-archiver,arn:aws:serverlessrepo:us-east-1:590550876615:applications/file-archiver,Ranek Kiil,16,,Automatically archive a file from the web to an S3 bucket at regular intervals.
cloudwatch-logs-process-data,arn:aws:serverlessrepo:us-east-1:077246666028:applications/cloudwatch-logs-process-data,AWS,16,"data,CloudWatch,logs,AWS,sample",A real-time consumer of log events ingested by Amazon CloudWatch Logs
s3-get-object-python,arn:aws:serverlessrepo:us-east-1:077246666028:applications/s3-get-object-python,AWS,16,,An Amazon S3 trigger that retrieves metadata for the object that has been updated.
kinesis-process-record,arn:aws:serverlessrepo:us-east-1:077246666028:applications/kinesis-process-record,AWS,16,,An Amazon Kinesis stream processor that logs the data being published.
lambda-site-generator,arn:aws:serverlessrepo:us-east-1:597720827997:applications/lambda-site-generator,huntsper,15,"S3,site,static,generator,HTML,Markdown,Lambda",A simple site generator that transforms Markdown into HTML.
galleria,arn:aws:serverlessrepo:us-east-1:233054207705:applications/galleria,evanchiu,15,"image,web-app,photo,nodejs",Serverless photo gallery
cloudfront-ab-test,arn:aws:serverlessrepo:us-east-1:077246666028:applications/cloudfront-ab-test,AWS,15,,"Sample application for CloudFront ab testing, implemented in NodeJS."
datadog-process-rds-metrics,arn:aws:serverlessrepo:us-east-1:077246666028:applications/datadog-process-rds-metrics,AWS,14,,Pushes RDS Enhanced metrics to Datadog.
SalesforceAWSSync,arn:aws:serverlessrepo:us-east-1:660509613263:applications/SalesforceAWSSync,SFAWSsync,14,"DynamoDB,Sync,AWS,Salesforce","SFAWSsync is an application in your Salesforce Org and in your AWS environment to allow SF and AWS to sync Objects and Tables, one-way or bi-directionally, either instantaneously or in batches on a volume or time based schedule."
Canvas,arn:aws:serverlessrepo:us-east-1:990551184979:applications/Canvas,Charoite Lee,14,"image,canvas,cairo,nodejs,graphics","Blueprint for generating and manipulating graphics using node-canvas, a Cairo backed Canvas implementation for NodeJS by Automattic."
s3-uncompressor,arn:aws:serverlessrepo:us-east-1:180876865127:applications/s3-uncompressor,Piotr Mlocek,14,"zip,s3,decompress,uncompress,unzip,compression",Automatically uncompresses (or decompresses) files uploaded to selected S3 bucket!
cfn-flip-service,arn:aws:serverlessrepo:us-east-1:656097458897:applications/cfn-flip-service,Stilvoid,13,"json,cfn,convert,flip,cloudformation,yaml",A serverless API that converts CloudFormation templates between JSON and YAML formats.
lex-book-trip-python,arn:aws:serverlessrepo:us-east-1:077246666028:applications/lex-book-trip-python,AWS,13,,"Book details of a visit, using Amazon Lex to perform natural language understanding"
LogzioCloudWatchShipper,arn:aws:serverlessrepo:us-east-1:486140753397:applications/LogzioCloudWatchShipper,Logzio,13,"Logging,logzio,CloudWatch,ELK,logs,Monitoring","This is an AWS Lambda function that collects CloudWatch logs and sends them to Logz.io in bulk, over HTTP."
Pandas,arn:aws:serverlessrepo:us-east-1:339543757547:applications/Pandas,ryfeus,13,"pandas,data,science,numpy,statistics","Package for fans of statistics, data scientists and data engineers. RAM at lambda is 1.5 gigabytes, and the maximum operating time - 5 minutes. I am sure that will be enough for most tasks.

"
lambda-canary-python3,arn:aws:serverlessrepo:us-east-1:077246666028:applications/lambda-canary-python3,AWS,13,,"Performs a periodic check of the given site, erroring out on test failure."
api-lambda-stripe-charge,arn:aws:serverlessrepo:us-east-1:375983427419:applications/api-lambda-stripe-charge,Aleksandar Simovic,13,"lambda,charge,webhook,stripe,payment,api,nodejs","This is a Lambda function that charges a Stripe account based on the API Gateway request data. 
Supports CORS. Written in Node.js.
It's a Nuts & Bolts application component for AWS Serverless Application Repository."
acloudguru-alexadevs-leaderboard,arn:aws:serverlessrepo:us-east-1:255532471201:applications/acloudguru-alexadevs-leaderboard,Nick Triantafillou,13,,"Used in episode 4 of ""Alexa Devs"" - a series to learn how to develop alexa skills"
lambda-canary,arn:aws:serverlessrepo:us-east-1:077246666028:applications/lambda-canary,AWS,13,,"Performs a periodic check of the given site, erroring out on test failure."
reddit-headline-sms,arn:aws:serverlessrepo:us-east-1:590550876615:applications/reddit-headline-sms,Ranek Kiil,12,,Send a daily headline from reddit via SMS.
aws-sns-to-slack-publisher,arn:aws:serverlessrepo:us-east-1:641494176294:applications/aws-sns-to-slack-publisher,ServerlessOps,12,"python,slack,sns",Publish a Slack API chat.postMessage message received from SNS to Slack.  Combine this with a new application to start posting messages from that application to Slack.
Position,arn:aws:serverlessrepo:us-east-1:242721718429:applications/Position,HERE Technologies,12,"positioning,map",Provides positioning estimates based on global Wi-Fi and cell coverage
kinesis-firehose-cloudwatch-logs-processor,arn:aws:serverlessrepo:us-east-1:077246666028:applications/kinesis-firehose-cloudwatch-logs-processor,AWS,12,"Kinesis,log,Firehose,AWS,sample,events",An Amazon Kinesis Firehose stream processor that extracts individual log events from records sent by Cloudwatch Logs subscription filters.
kinesis-process-record-python,arn:aws:serverlessrepo:us-east-1:077246666028:applications/kinesis-process-record-python,AWS,12,,An Amazon Kinesis stream processor that logs the data being published.
IOpipeHelloWorld,arn:aws:serverlessrepo:us-east-1:554407330061:applications/IOpipeHelloWorld,IOpipe,12,"lambda,tracing,performance,profiling,devops,serverless,debugging,monitoring,observability","Debug, profile, & monitor Lambda functions!

Integrate IOpipe from the Lambda console or Cloud9.

Register for a project token at www.iopipe.com. Set env var IOPIPE_TOKEN to enable reporting!"
lex-ffmpeg-conv,arn:aws:serverlessrepo:us-east-1:903779448426:applications/lex-ffmpeg-conv,Pahud Hsieh,12,"converter,ffmpeg,audio,lex",lex-ffmpeg-conv is a ffmpeg audio converter for Amazon Lex
retweet-leaderboard,arn:aws:serverlessrepo:us-east-1:277187709615:applications/retweet-leaderboard,jlhood,12,"games,Twitter,demo",This serverless app is a demo that processes events from the aws-serverless-twitter-event-source serverless app and maintains a leaderboard of which Twitter handles have the highest retweet counts.
rotate,arn:aws:serverlessrepo:us-east-1:233054207705:applications/rotate,evanchiu,11,"s3,image,transform,nodejs,serverless-galleria",Copy and rotate images using Lambda.
kinesis-firehose-process-record-streams-as-source,arn:aws:serverlessrepo:us-east-1:077246666028:applications/kinesis-firehose-process-record-streams-as-source,AWS,11,,An Amazon Kinesis Firehose stream processor that accesses the Kinesis Streams records in the input and returns them with a processing status.
timber-logging,arn:aws:serverlessrepo:us-east-1:754402436383:applications/timber-logging,Timber Technologies,11,,"A simple Lambda function that forwards your CloudWatch logs to the Timber.io logging service. Timber.io is a modern logging service with extremely fast search. If you haven't already, give it a try at https://timber.io."
ecr-deploy,arn:aws:serverlessrepo:us-east-1:109625914275:applications/ecr-deploy,Vincent Lesierse,11,"container,cluster,ecs,ecr,docker,deploy,deployment",This Lambda function will create a CloudWatch event rule which will be triggered as soon as a Docker image is pushed to ECR and deploys it automatically to a ECS Cluster.
lex-make-appointment,arn:aws:serverlessrepo:us-east-1:077246666028:applications/lex-make-appointment,AWS,11,,"Schedule a dentist appointment, using Amazon Lex to perform natural language understanding"
tweet-sentiment,arn:aws:serverlessrepo:us-east-1:277187709615:applications/tweet-sentiment,jlhood,11,"comprehend,twitter,java,sentimentanalysis,cloudwatch,metrics",Analyzes sentiment of tweets returned from the Twitter Event Source serverless application and publishes them as metrics to CloudWatch Metrics.
cloudwatch-alarm-to-slack-python3,arn:aws:serverlessrepo:us-east-1:077246666028:applications/cloudwatch-alarm-to-slack-python3,AWS,11,"CloudWatch,SNS,trigger,AWS,sample",Serverless application that sends CloudWatch alarm notifications to Slack on an Amazon SNS trigger
Return-Set-Word-Python3,arn:aws:serverlessrepo:us-east-1:438704618616:applications/Return-Set-Word-Python3,Yuji Nishimura,10,"python3,test-app","This function is test function of AWS Serverless Application Repository.

This function that returns the set word."
kinesis-firehose-syslog-to-json-python,arn:aws:serverlessrepo:us-east-1:077246666028:applications/kinesis-firehose-syslog-to-json-python,AWS,10,,An Amazon Kinesis Firehose stream processor that converts input records from RFC3164 Syslog format to JSON.
ImageProcessingPython,arn:aws:serverlessrepo:us-east-1:339543757547:applications/ImageProcessingPython,ryfeus,10,"image,pil,pillow,processing,opencv","Package of image processing tools, and not only to style image, but also a large set of Computer vision algorithms. Contains OpenCV and Pillow."
hotdog-detector,arn:aws:serverlessrepo:us-east-1:426111819794:applications/hotdog-detector,robperc,10,"Rekognition,Slack,HotdogNotHotdog,ML","This example shows you how to build a serverless hotdog detecting application on AWS using Amazon Rekognition, AWS Lambda, and Amazon API Gateway."
fortune-sms,arn:aws:serverlessrepo:us-east-1:590550876615:applications/fortune-sms,Ranek Kiil,10,,Send a daily fortune via SMS.
podless,arn:aws:serverlessrepo:us-east-1:656097458897:applications/podless,Stilvoid,10,"s3,bucket,mp3,download,rss,podcast",A serverless application that downloads podcasts to an S3 bucket.
SAM-logging-regional-endpoints,arn:aws:serverlessrepo:us-east-1:734251013883:applications/SAM-logging-regional-endpoints,Rohit Mandavia,10,,enable logging and regional endpoints in an API deployed through SAM
api-lambda-delete-dynamodb,arn:aws:serverlessrepo:us-east-1:375983427419:applications/api-lambda-delete-dynamodb,Aleksandar Simovic,10,"lambda,item,cors,api,nodejs,delete,dynamodb",This is a Lambda function that deletes an Item from a DynamoDB Table based on the API Gateway request. Supports CORS. Written in Node.js. It's a Nuts & Bolts application component for AWS Serverless Application Repository.
cloudwatch-alarm-to-slack-python,arn:aws:serverlessrepo:us-east-1:077246666028:applications/cloudwatch-alarm-to-slack-python,AWS,10,"CloudWatch,SNS,trigger,AWS,sample",Serverless application that sends CloudWatch alarm notifications to Slack on an Amazon SNS trigger
iot-twitter-bridge,arn:aws:serverlessrepo:us-east-1:123940773876:applications/iot-twitter-bridge,TensorIoT,10,"twitter,aws-iot,iot",This service provides a bridge between AWS IoT and Twitter for your devices to tweet messages directly to Twitter. 
Weather,arn:aws:serverlessrepo:us-east-1:242721718429:applications/Weather,HERE Technologies,10,"weather,map","Give insights into real-time weather forecasts, alerts, and astronomical info for any location."
autoStopEc2,arn:aws:serverlessrepo:us-east-1:754380202678:applications/autoStopEc2,Octo Technology Australia,10,"saving,auto,cost,stop,ec2,monitor,OCTO,octo,manage",Automatically stops all EC2 instances in ALL regions except excluded ones
twitter-to-slack-message,arn:aws:serverlessrepo:us-east-1:641494176294:applications/twitter-to-slack-message,ServerlessOps,9,"twitter,python,slack",Convert a Twitter tweet into a Slack API chat.postMessage message. This nanoservice is intended to be used with other SAR nanonservices in order to construct a functional application. See the README for one example.
aws-internal-healthcheck,arn:aws:serverlessrepo:us-east-1:398788615625:applications/aws-internal-healthcheck,Sparklane,9,"healthcheck,internal,private,alert,ping,vpc,alarm,metrics",Perform healthchecks on private IP or private FQDN (Private Route53). Healthchecks status are pushed to Cloudwatch custom metrics.
TollCost,arn:aws:serverlessrepo:us-east-1:242721718429:applications/TollCost,HERE Technologies,9,"toll,tollcost,map",Calculate tolls for international driving routes.
algorithmia,arn:aws:serverlessrepo:us-east-1:077246666028:applications/algorithmia,AWS,9,,Run any algorithm in the Algorithmia marketplace.
greengrass-hello-world,arn:aws:serverlessrepo:us-east-1:077246666028:applications/greengrass-hello-world,AWS,9,"topic,hello-world,Greengrass,AWS,sample",A Lambda function that when deployed to a Greengrass core where it will send a hello world message to a topic
lambda-podcast,arn:aws:serverlessrepo:us-east-1:517266833056:applications/lambda-podcast,Marek Kuczynski,9,"mp3,rss,xml,podcast",Create a serverless podcast service using Amazon S3 for storage of music files and Lambda for generation of the podcast feed. The Lambda function can run periodically to add/remove podcast files from the S3 bucket containing your music. 
lex-order-flowers-python,arn:aws:serverlessrepo:us-east-1:077246666028:applications/lex-order-flowers-python,AWS,9,,"Order flowers, using Amazon Lex to perform natural language understanding"
Traffic,arn:aws:serverlessrepo:us-east-1:242721718429:applications/Traffic,HERE Technologies,9,"traffic,map",Display map tiles with real-time traffic flow information overlays reflected as colored lines drawn on affected streets and roads and get access to real-time traffic flow and incident data in XML and JSON.
lex-order-flowers,arn:aws:serverlessrepo:us-east-1:077246666028:applications/lex-order-flowers,AWS,9,,"Order flowers, using Amazon Lex to perform natural language understanding"
Packer-Cleaner,arn:aws:serverlessrepo:us-east-1:613864977396:applications/Packer-Cleaner,Arjen Schwarz,8,"packer,cleanup","Packer Cleaner will automatically detect long running Packer-created instances. Default behaviour is that it will send notifications about this to a created SNS topic, but it can be configured to automatically stop or terminate instances as well."
macie-slack-notification,arn:aws:serverlessrepo:us-east-1:180876865127:applications/macie-slack-notification,Piotr Mlocek,8,"notification,macie,slack,cloudwatchevents",Sends notifications about new Amazon Macie alerts to a Slack channel.
s3-pgp-encryptor,arn:aws:serverlessrepo:us-east-1:485061371590:applications/s3-pgp-encryptor,Dan Lamb,8,"s3,encryption,PGP,gpg",PGP encrypts any file uploaded to S3 using your PGP public key. 
kinesis-firehose-apachelog-to-csv,arn:aws:serverlessrepo:us-east-1:077246666028:applications/kinesis-firehose-apachelog-to-csv,AWS,8,"convertor,Kinesis,Firehose,AWS,sample",An Amazon Kinesis Firehose stream processor that converts input records from Apache Common Log format to CSV.
NYC-Parks-Events-Crawler,arn:aws:serverlessrepo:us-east-1:242860417674:applications/NYC-Parks-Events-Crawler,Chris Munns,8,"python,crawler,dynamodb",This AWS Serverless Application crawls the NYC Parks's Events website (https://www.nycgovparks.org/events/) and generates a scoped view of the data listed there and stores it in an Amazon DynamoDB Table.
cfn-look-up-ami-ids,arn:aws:serverlessrepo:us-east-1:077246666028:applications/cfn-look-up-ami-ids,AWS,8,,Looks up the latest AMI ID for a given region and architecture.
cloudfront-simple-remote-call,arn:aws:serverlessrepo:us-east-1:077246666028:applications/cloudfront-simple-remote-call,AWS,8,,Sample application for generating a response from origin-request trigger implemented in NodeJS.
my-ip-today,arn:aws:serverlessrepo:us-east-1:903779448426:applications/my-ip-today,Pahud Hsieh,8,"myip,edge,lambda@edge,ip,whatismyip,cloudfront",my-ip-today is a Lambda@Edge service that returns the client IP address directly. This is a simple demo with the CloudFront and Lambda@Edge.
Word-Counter,arn:aws:serverlessrepo:us-east-1:183076076805:applications/Word-Counter,James Boyle Ben Romano Will Kalescky,8,"endpoint,python,analyze,count,backend,text,api,word",Creates an API endpoint with Lambda integration which accepts a .txt file and returns an object with word counts
s3-image-indexer,arn:aws:serverlessrepo:us-east-1:831212071815:applications/s3-image-indexer,Kwun-Hok Chan,8,"s3,image,python,elasticsearch,aws,rekognition",An AWS Lambda function that indexes images uploaded to a S3 bucket based on labels detected by Amazon Rekognition.
oauth2shared,arn:aws:serverlessrepo:us-east-1:760265413520:applications/oauth2shared,Palo Alto Networks Developers Relations,8,"oauth2,panw",An experimental mock implementation of a OAUTH2 Shared Component implemented as a Serverless Application to proxy activation/authentication requests for non SaaS multi-tenant 3rd party partner applications.
ServerlessEventTestTarget,arn:aws:serverlessrepo:us-east-1:771389557967:applications/ServerlessEventTestTarget,William Weiss,8,"lambda,test,serverless,events",A serverless app that simply receives and logs events.
lex-make-appointment-python,arn:aws:serverlessrepo:us-east-1:077246666028:applications/lex-make-appointment-python,AWS,8,,"Schedule a dentist appointment, using Amazon Lex to perform natural language understanding"
cloudwatch-logs-to-loggly,arn:aws:serverlessrepo:us-east-1:077246666028:applications/cloudwatch-logs-to-loggly,AWS,8,"CloudWatch,Loggly,logs,AWS,sample",Sends logs from Cloudwatch logs to Loggly using a Lambda function.
slack-echo-command-python,arn:aws:serverlessrepo:us-east-1:077246666028:applications/slack-echo-command-python,AWS,8,,A function that handles a Slack slash command and echoes the details back to the user.
api-lambda-update-dynamodb,arn:aws:serverlessrepo:us-east-1:375983427419:applications/api-lambda-update-dynamodb,Aleksandar Simovic,8,"lambda,update,api,nodejs,dynamodb","This is a Lambda function that updates an item in the DynamoDB database, based on the API Gateway request data. 
Supports CORS. Written in Node.js.
It's a Nuts & Bolts application component for AWS Serverless Application Repository."
sepia,arn:aws:serverlessrepo:us-east-1:233054207705:applications/sepia,evanchiu,7,"s3,image,transform,nodejs,serverless-galleria",Serverless image sepia tone application
image-moderation-chatbot,arn:aws:serverlessrepo:us-east-1:426111819794:applications/image-moderation-chatbot,robperc,7,"Rekognition,Slack,Moderation,ML","This example shows how to leverage Amazon Rekognition's image moderation feature to automatically remove messages containing explicit or suggestive images from channels of popular chat apps using Amazon API Gateway, AWS Lambda, and Amazon Rekognition."
sns2chime,arn:aws:serverlessrepo:us-east-1:903779448426:applications/sns2chime,Pahud Hsieh,7,"webhook,IM,chatops,chime",sns2chime is a serverless relay service forwarding the incoming SNS messages to your Chime chat room.
iot-twillio-bridge,arn:aws:serverlessrepo:us-east-1:123940773876:applications/iot-twillio-bridge,TensorIoT,7,"aws-iot,twilio,iot",This service provides a bridge between AWS IoT and Twilio for your devices to send messages to Twillio.
aconnect-contextual-msg,arn:aws:serverlessrepo:us-east-1:245582852906:applications/aconnect-contextual-msg,Gaurav Sahi Gopalakrishnan Subramaniam,7,,"Welcome to Amazon Connect Serverless Hook for Contextual Messages

The sample code helps get you started with a simple web service integration hook deployed by AWS CloudFormation between Amazon Connect and AWS Lambda with Dynamo DB."
cloudfront-access-request-in-response,arn:aws:serverlessrepo:us-east-1:077246666028:applications/cloudfront-access-request-in-response,AWS,7,,Sample application for setting CloudFront response header based on value in the request header implemented in NodeJS.
cfn-stack-outputs,arn:aws:serverlessrepo:us-east-1:077246666028:applications/cfn-stack-outputs,AWS,7,,Takes an AWS CloudFormation stack name and returns the outputs from that stack.
node-exec,arn:aws:serverlessrepo:us-east-1:077246666028:applications/node-exec,AWS,7,,Demonstrates running an external process using the Node.js child_process module.
signalfx-lambda-example-java,arn:aws:serverlessrepo:us-east-1:134183635603:applications/signalfx-lambda-example-java,SignalFx,7,"realtime,wrapper,metrics,signalfx",Example of sending metrics from Java Lambda using SignalFx Wrapper to SignalFx in real-time.
Desole,arn:aws:serverlessrepo:us-east-1:145266761615:applications/Desole,Desole,7,"analytics,exception-tracking,CD,CI,error-tracking,cloudwatch","Error tracking in the cloud. Free and opensource, tightly integrated with AWS. Capture client-side errors and exceptions, save to S3 for later analysis with Athena, query using ElasticSearch, publish to CloudWatch metrics for easy alerts and notifications."
Load-testing,arn:aws:serverlessrepo:us-east-1:339543757547:applications/Load-testing,ryfeus,7,"WRK,load,pyresttest,testing,API","Lambda pack for load testing APIs and websites. Contains WRK (https://github.com/wg/wrk) and pyresttest (https://github.com/svanoort/pyresttest) libraries. WRK is useful for producing high loads. Pyresttest is useful for API workflow testing.
"
aws-health-event-to-slack-message,arn:aws:serverlessrepo:us-east-1:641494176294:applications/aws-health-event-to-slack-message,ServerlessOps,7,"python,slack,sns,cloudwatch",Publish an AWS Health event formatted as a Slack API _chat.postMessage_ message to an SNS topic.
billingReports,arn:aws:serverlessrepo:us-east-1:754380202678:applications/billingReports,Octo Technology Australia,7,"Slack,report,OCTO,octo,AWS,billing",Delivers latest AWS costs breakdown to your Slack channel
serverless-numpy,arn:aws:serverlessrepo:us-east-1:456340633625:applications/serverless-numpy,Roberto Iturralde,7,"python,lambda,mathematics,numpy,math,finance","Serverless NumPy exposes NumPy, the popular python library, via a Lambda Function"
compress,arn:aws:serverlessrepo:us-east-1:233054207705:applications/compress,evanchiu,7,"s3,image,transform,nodejs,serverless-galleria",Serverless image compression
Transit,arn:aws:serverlessrepo:us-east-1:242721718429:applications/Transit,HERE Technologies,6,"transit,routing,map","Get access to features that go beyond simple estimated transit routing like search, next departures, transit isoline and pedestrian access points."
metric-publisher-app,arn:aws:serverlessrepo:us-east-1:847660965084:applications/metric-publisher-app,Joshua Basden,6,"lambda,python,publish,cloudwatch,metrics","The Metric Publisher Application accepts metrics as input in JSON format, logs those metrics, and periodically gathers all new data from the Log Group, batches the new metrics together, and publishes them to CloudWatch. "
cognito-sync-trigger,arn:aws:serverlessrepo:us-east-1:077246666028:applications/cognito-sync-trigger,AWS,6,"Cognito,trigger,Sync,AWS,sample",An Amazon Cognito Sync trigger that modifies Cognito datasets based on the incoming event.
api-lambda-sns-publisher,arn:aws:serverlessrepo:us-east-1:375983427419:applications/api-lambda-sns-publisher,Aleksandar Simovic,6,"lambda,sns,api,nodejs","This is a Lambda that publishes API Gateway request data to an SNS Topic. 
Written in Node.js. 

It's a basic Nuts & Bolts serverless application component."
kinesis-firehose-cloudwatch-logs-processor,arn:aws:serverlessrepo:us-east-1:107764952090:applications/kinesis-firehose-cloudwatch-logs-processor,Tarik Makota and Kevin Deng,6,,An Amazon Kinesis Firehose stream processor that unzipps and extracts individual log events from records sent by Cloudwatch Logs subscription filters.
EtsyShopEventSource,arn:aws:serverlessrepo:us-east-1:771389557967:applications/EtsyShopEventSource,William Weiss,6,"listings,lambda,shop,etsy,polling,events",A serverless app that periodically polls the public Etsy API and invokes a given lambda function to process changes to the active listings for a specific shop.
cloudfront-redirect-unauthenticated-users,arn:aws:serverlessrepo:us-east-1:077246666028:applications/cloudfront-redirect-unauthenticated-users,AWS,6,,Sample application for redirecting unauthenticated users to sign-in page; triggered by CloudFront viewer-request event.
lambda-test-harness,arn:aws:serverlessrepo:us-east-1:077246666028:applications/lambda-test-harness,AWS,6,,Provides a simple framework for conducting various tests of your Lambda functions.
autoStartEc2,arn:aws:serverlessrepo:us-east-1:754380202678:applications/autoStartEc2,Octo Technology Australia,6,"auto,ec2,start,monitor,OCTO,octo,manage",Automatically starts all EC2 instances in ALL regions which are tagged appropriately
EventWriter,arn:aws:serverlessrepo:us-east-1:771389557967:applications/EventWriter,William Weiss,6,"s3,events",A serverless app that receives and stores events to an S3 bucket.
s3-presigned-url,arn:aws:serverlessrepo:us-east-1:123933823240:applications/s3-presigned-url,Raja Mani,6,"s3,presigned-url",Lambda function to generate a pre-signed url for a S3 object
inbound-ses-spam-filter-python,arn:aws:serverlessrepo:us-east-1:077246666028:applications/inbound-ses-spam-filter-python,AWS,6,"filter,python,spam,AWS,sample,email",A simple email filter for protection against spam and viruses as well as DKIM and SPF failures.
SecretsManagerRDSSQLServerRotationSingleUser,arn:aws:serverlessrepo:us-east-1:297356227824:applications/SecretsManagerRDSSQLServerRotationSingleUser,AWS Secrets Manager,6,,Conducts an AWS SecretsManager secret rotation for RDS SQL Server using the single user rotation scheme
splunk-iot-processor,arn:aws:serverlessrepo:us-east-1:708419456681:applications/splunk-iot-processor,Splunk,5,"hec,splunk,nodejs,iot",Respond to events from IoT and send to Splunk HTTP Event Collector (HEC).
aws-serverless-financial-functions-wrapper,arn:aws:serverlessrepo:us-east-1:077246666028:applications/aws-serverless-financial-functions-wrapper,AWS,5,"excel,AWS,Lambda,finance,financial-functions",Serverless app providing a wrapper around all supported financial functions.
aws-serverless-financial-functions-xirr,arn:aws:serverlessrepo:us-east-1:077246666028:applications/aws-serverless-financial-functions-xirr,AWS,5,"excel,AWS,Lambda,finance,financial-functions",Serverless app wrapping common financial function XIRR (internal rate of return for a schedule of cash flows)
sns-lambda-subscriber-dynamodb,arn:aws:serverlessrepo:us-east-1:375983427419:applications/sns-lambda-subscriber-dynamodb,Aleksandar Simovic,5,"notification,lambda,subscribe,save,sns,nodejs,store,dynamodb,put",This is a SNS Lambda subscriber that stores notification data into a DynamoDB table. Written in Node.js. It's a Nuts & Bolts serverless application component
audio-to-mp3,arn:aws:serverlessrepo:us-east-1:831212071815:applications/audio-to-mp3,Kwun-Hok Chan,5,"s3,mp3,audio,aws",Converts any audio files uploaded to S3 to MP3
ses-notification-python,arn:aws:serverlessrepo:us-east-1:077246666028:applications/ses-notification-python,AWS,5,,"An Amazon SES notification handler for processing bounces, complaints and deliveries."
edge-router,arn:aws:serverlessrepo:us-east-1:903779448426:applications/edge-router,Pahud Hsieh,5,"nrt,router,edge,china,bjs,Lambda@Edge","edge-router is a simple demo that leverages the origin switch capabilities of Lambda@Edge. It will route traffic originated from China to Beijing Region API Gateway while other traffic to Tokoy API Gateway.
"
SmarterCamera-DeepLens-PeopleTracking,arn:aws:serverlessrepo:us-east-1:072676109536:applications/SmarterCamera-DeepLens-PeopleTracking,Paul Fryer,5,"SageMaker,KinesisVideo,DeepLens,Rekogntion,ML",Deploy this function to your DeepLens and use with Smarter Camera (https://smarter.camera) to track people in video you capture.
png-to-jpeg-conversion,arn:aws:serverlessrepo:us-east-1:934629381695:applications/png-to-jpeg-conversion,Harsha Warrdhan Sharma,5,,"This stack triggers a lambda function upon upload of a .png object to a S3 bucket, which is also created during the stack creation."
signalfx-lambda-example-python,arn:aws:serverlessrepo:us-east-1:134183635603:applications/signalfx-lambda-example-python,SignalFx,5,"realtime,wrapper,metrics,signalfx",Example of sending metrics from Python Lambda using SignalFx Wrapper to SignalFx in real-time.
SecretsManagerRDSOracleRotationSingleUser,arn:aws:serverlessrepo:us-east-1:297356227824:applications/SecretsManagerRDSOracleRotationSingleUser,AWS Secrets Manager,5,,Conducts an AWS SecretsManager secret rotation for RDS Oracle using the single user rotation scheme
aws-serverless-financial-functions-pv,arn:aws:serverlessrepo:us-east-1:077246666028:applications/aws-serverless-financial-functions-pv,AWS,5,"excel,AWS,Lambda,finance,financial-functions",Serverless app wrapping common financial function PV (Present Value)
dynamodb-lambda-publisher-sns,arn:aws:serverlessrepo:us-east-1:375983427419:applications/dynamodb-lambda-publisher-sns,Aleksandar Simovic,5,"lambda,stream,publish,sns,dynamodb","This is a Lambda publisher that listens to newly stored items to your DynamoDB table and then publishes a message to a SNS topic.
Written in Node.js. It's a Nuts & Bolts application component for AWS Serverless Application Repository."
MapImage,arn:aws:serverlessrepo:us-east-1:242721718429:applications/MapImage,HERE Technologies,5,"map,image,mapimage,here",Get access to pre-rendered map images already optimized for desktop and mobile devices.
cloudfront-multiple-remote-calls-aggregate-response,arn:aws:serverlessrepo:us-east-1:077246666028:applications/cloudfront-multiple-remote-calls-aggregate-response,AWS,5,,Sample application for generating aggregated response from multiple remote calls on origin-request trigger implemented in NodeJS.
datadome-lambda-module,arn:aws:serverlessrepo:us-east-1:889652210640:applications/datadome-lambda-module,DataDome,4,"mitigation,bot,protection","DataDome detects non-human traffic, identifies and categorizes bot operators in real time, and helps you turn them into new business opportunities."
pandemozk,arn:aws:serverlessrepo:us-east-1:019841101606:applications/pandemozk,nobody,4,,Just a test
ChimeBot-Whats-New-At-AWS,arn:aws:serverlessrepo:us-east-1:171473150649:applications/ChimeBot-Whats-New-At-AWS,Francois-Xavier Gsell,4,"aws,chime",A ChatBot for Amazon Chime that sends a message to a group for each news from AWS.
cleanOrphanVolumes,arn:aws:serverlessrepo:us-east-1:754380202678:applications/cleanOrphanVolumes,Octo Technology Australia,4,"saving,auto,cost,ec2,volumes,OCTO,clean,octo,remove","Removes all EC2 volumes in ALL regions, which are not attached to any EC2 instance"
uvasoftware-guarana,arn:aws:serverlessrepo:us-east-1:484983087487:applications/uvasoftware-guarana,Uva Software LLC,4,"s3,webhook,scanii,debug,test,uvasoftware,callback,gateway","Guarana is a SAM packaged webhook debugging tool, it captures HTTP requests and saves them kindly to S3 to help you review/debug them later."
aws-tag-explorer,arn:aws:serverlessrepo:us-east-1:423596961626:applications/aws-tag-explorer,Marcilio Mendonca,4,"Tagging,Tag,Tags,S3Select,SQL",Extract all tags from your AWS account into a S3 file. Query tags file with SQL.
splunk-elb-application-access-logs-processor,arn:aws:serverlessrepo:us-east-1:708419456681:applications/splunk-elb-application-access-logs-processor,Splunk,4,"elb-application,hec,splunk,elb,nodejs,load-balancer",Stream access logs of ELB Application Load Balancer(s) from S3 to Splunk HTTP Event Collector (HEC).
SpheroAlexaSkill,arn:aws:serverlessrepo:us-east-1:338805120991:applications/SpheroAlexaSkill,Jenn J,4,"alexa-skills-kit,alexa,sphero",Control Sphero 2.0 using Alexa and a local Sphero Server. Change color and draw shapes just using your voice! 
api-gateway-multiple-origin-cors,arn:aws:serverlessrepo:us-east-1:819665806850:applications/api-gateway-multiple-origin-cors,Logan Zartman,4,"apigateway,lambda,cors,origin,multiple",Example of Multiple-Origin CORS using API Gateway and Lambda
inbound-ses-spam-filter,arn:aws:serverlessrepo:us-east-1:077246666028:applications/inbound-ses-spam-filter,AWS,4,"filter,SES,spam,AWS,sample",A simple email filter for protection against spam and viruses as well as DKIM and SPF failures.
kinesis-firehose-syslog-to-csv-python,arn:aws:serverlessrepo:us-east-1:077246666028:applications/kinesis-firehose-syslog-to-csv-python,AWS,4,,An Amazon Kinesis Firehose stream processor that converts input records from RFC3164 Syslog format to CSV.
plantuml-render,arn:aws:serverlessrepo:us-east-1:293246570391:applications/plantuml-render,mmajis,4,plantuml,"Render PlantUML diagrams.
"
lending-app-nodejs6,arn:aws:serverlessrepo:us-east-1:734729694574:applications/lending-app-nodejs6,Tsubasa Nishimura,4,"nodejs6,lending-app","This function is test function of AWS Serverless Application Repository.
 
This function registers the loan information in DynamoDB, then SES notifies the target who passed the loan term by e-mail."
feed-logger,arn:aws:serverlessrepo:us-east-1:590550876615:applications/feed-logger,Ranek Kiil,4,,Automatically log the body of a web result at a set frequency.
kinesis-analytics-process-compressed-record,arn:aws:serverlessrepo:us-east-1:077246666028:applications/kinesis-analytics-process-compressed-record,AWS,4,"analytics,Kinesis,AWS,sample",An Amazon Kinesis Analytics record pre-processor that receives compressed (GZIP or Deflate compressed) JSON or CSV records as input and returns decompressed records with a processing status.
kinesis-firehose-syslog-to-csv,arn:aws:serverlessrepo:us-east-1:077246666028:applications/kinesis-firehose-syslog-to-csv,AWS,4,,An Amazon Kinesis Firehose stream processor that converts input records from RFC3164 Syslog format to CSV.
autoStopRds,arn:aws:serverlessrepo:us-east-1:754380202678:applications/autoStopRds,Octo Technology Australia,4,"rds,saving,auto,cost,stop,monitor,OCTO,octo,manage",Automatically stops all RDS instances in ALL regions except excluded ones
aws-microservices,arn:aws:serverlessrepo:us-east-1:091144949931:applications/aws-microservices,Arun Gupta,4,,Microservices on AWS Compute
kinesis-analytics-process-record,arn:aws:serverlessrepo:us-east-1:077246666028:applications/kinesis-analytics-process-record,AWS,4,"transform,Kinesis,AWS,sample",An Amazon Kinesis Analytics record pre-processor that receives JSON or CSV records as input and returns them with a processing status. Use this processor as a starting point for custom transformation logic.
trigger-t2-unlimited-with-sns,arn:aws:serverlessrepo:us-east-1:759994998399:applications/trigger-t2-unlimited-with-sns,SoftwareWORX,4,"lambda,ec2,unlimited,sns,t2","Enable T2 unlimited in case CPUCredits hit a specific threshold.
Lambda is invoked by SNS triggered Alarm"
logicmonitor-send-cloudwatch-events,arn:aws:serverlessrepo:us-east-1:000466242064:applications/logicmonitor-send-cloudwatch-events,LogicMonitor,4,"logicmonitor,cloudwatch,monitoring","Creates LogicMonitor OpsNotes for CloudWatch Events, thereby enabling correlation between events and performance data."
guardduty-chime-notifier,arn:aws:serverlessrepo:us-east-1:305732344912:applications/guardduty-chime-notifier,errose,4,"guardduty,chime",Chime notifier for Guardduty findings
monte-carlo-pi,arn:aws:serverlessrepo:us-east-1:313747422589:applications/monte-carlo-pi,xshen,4,"python,lambda,mathematics,sample,S3,simulation",Monte Carlo Method to calculate Pi
SmartThings-Battery-Level,arn:aws:serverlessrepo:us-east-1:180953841693:applications/SmartThings-Battery-Level,Sandu Potter,4,"EmailReport,Battery,SmartThings,IOT",Generate a periodic email that lists the remaining battery for each battery enabled device in the configured SmartThings account.
pushilka-cloudfront-headers,arn:aws:serverlessrepo:us-east-1:237798369076:applications/pushilka-cloudfront-headers,alexatrafficdealer,4,,Applications adds required headers for proper functioning of pushilka with CloudFront
Spacy,arn:aws:serverlessrepo:us-east-1:339543757547:applications/Spacy,ryfeus,4,"spacy,NLP,natural,processing,language",Opensource library for Natural Language Processing in python. Example code loads language model from S3 and uses it to analyze sentence.
kinesis-firehose-apachelog-to-json-python,arn:aws:serverlessrepo:us-east-1:077246666028:applications/kinesis-firehose-apachelog-to-json-python,AWS,4,"convertor,python,Kinesis,Firehose,AWS,sample",An Amazon Kinesis Firehose stream processor that converts input records from Apache Common Log format to JSON.
lambda-authorizer-basic-auth,arn:aws:serverlessrepo:us-east-1:560348900601:applications/lambda-authorizer-basic-auth,dougalb,4,"apigateway,lambda,authorizer,dynamodb",A Serverless Application that creates Lambda function to use as an authorizer in Amazon API Gateway for HTTP Basic Auth and a DynamoDB tables for users.
SecretsManagerRDSMariaDBRotationSingleUser,arn:aws:serverlessrepo:us-east-1:297356227824:applications/SecretsManagerRDSMariaDBRotationSingleUser,AWS Secrets Manager,4,,Conducts an AWS SecretsManager secret rotation for RDS MariaDB using the single user rotation scheme
ACM-S3-Publisher,arn:aws:serverlessrepo:us-east-1:641494176294:applications/ACM-S3-Publisher,ServerlessOps,3,"billing,s3,python","Writes items from AWS Application Cost Monitoring to AWS S3 for analysis with AWS Athena or AWS Quicksight.

NOTE: This requires AWS Application Cost Monitoring to be deployed first.  Please see README."
StreamData-IO-Stack-Exchange-Questions,arn:aws:serverlessrepo:us-east-1:879370021840:applications/StreamData-IO-Stack-Exchange-Questions,Streamdata-IO,3,"s3,streaming,stack,data,questions,exchange,api,lake","This stream Stack Exchange questions using Streamdata.io, pulling data via the API and turning it into a stream and publishing the results to an Amazon S3 data lake."
cloudfront-modify-querystring,arn:aws:serverlessrepo:us-east-1:077246666028:applications/cloudfront-modify-querystring,AWS,3,,Sample application to add a header based on the values in a key-value pair in a query string.
kinesis-firehose-apachelog-to-csv-python,arn:aws:serverlessrepo:us-east-1:077246666028:applications/kinesis-firehose-apachelog-to-csv-python,AWS,3,"convertor,python,Kinesis,Firehose,AWS,sample",An Amazon Kinesis Firehose stream processor that converts input records from Apache Common Log format to CSV.
kinesis-firehose-process-record-streams-as-source-python,arn:aws:serverlessrepo:us-east-1:077246666028:applications/kinesis-firehose-process-record-streams-as-source-python,AWS,3,,An Amazon Kinesis Firehose stream processor that accesses the Kinesis Streams records in the input and returns them with a processing status.
OpenIdAuthorizer,arn:aws:serverlessrepo:us-east-1:002846830601:applications/OpenIdAuthorizer,Raphael Bickel,3,"Authorizer,openidconnect,api,gateway",OpenIdConnect Authorizer for Api Gateway. Read README for deployment instructions
Mill,arn:aws:serverlessrepo:us-east-1:042381606049:applications/Mill,Classmethod Inc,3,"zipcode,api,classmethod",Japanese Zipcode API
GitHub-Releases-in-Slack,arn:aws:serverlessrepo:us-east-1:198537873635:applications/GitHub-Releases-in-Slack,sbstjn,3,"notification,cd,github,software,release,ci,continiour-delivery,slack","Send a message to Slack for every new GitHub release of your projects. Deploy the application, create Slack bot integration, and configure a GitHub Webhook for every repository you want to use."
aws-serverless-financial-functions-fv,arn:aws:serverlessrepo:us-east-1:077246666028:applications/aws-serverless-financial-functions-fv,AWS,3,"excel,AWS,Lambda,finance,financial-functions",Serverless app wrapping common financial function FV (Future Value)
ThundraHelloWorld,arn:aws:serverlessrepo:us-east-1:269863060030:applications/ThundraHelloWorld,Thundra,3,"tracing,insturmentation,lambda,java,profiling,debugging,monitoring,example",An example project to monitor Java lambda functions via Thundra. You just need to create an API key from Thundra and see the rest!
kinesis-firehose-process-record,arn:aws:serverlessrepo:us-east-1:077246666028:applications/kinesis-firehose-process-record,AWS,3,,An Amazon Kinesis Firehose stream processor that accesses the records in the input and returns them with a processing status.
ddb-copier,arn:aws:serverlessrepo:us-east-1:277187709615:applications/ddb-copier,jlhood,3,dynamodb,Serverless app that copies one DynamoDB table to another
umbrella-reminder-sms,arn:aws:serverlessrepo:us-east-1:590550876615:applications/umbrella-reminder-sms,Ranek Kiil,3,,Send a reminder to bring an umbrella on rainy days.
testThomas,arn:aws:serverlessrepo:us-east-1:164781552006:applications/testThomas,Thomas,3,"app,test,serverless",Testing my first app
blur,arn:aws:serverlessrepo:us-east-1:233054207705:applications/blur,evanchiu,3,"s3,image,transform,nodejs,serverless-galleria",Serverless image blur
StreamData-IO-Stock-Market-Data,arn:aws:serverlessrepo:us-east-1:879370021840:applications/StreamData-IO-Stock-Market-Data,Streamdata-IO,3,"market,s3,streaming,data,api,stock,lake","This is a demo of a streaming stock market prices using Streamdata.io, meant to take any existing JSON API, and turn it into a streaming API using Server-Sent Events, applying incremental updates using JSON Patch."
phone-home,arn:aws:serverlessrepo:us-east-1:233054207705:applications/phone-home,evanchiu,3,"lambda,api-gateway,nodejs,phone-home,dynamodb",This serverless application provides a phone home endpoint for recording contacts from another deployed application.
streamdata-io-github-search-code,arn:aws:serverlessrepo:us-east-1:879370021840:applications/streamdata-io-github-search-code,Streamdata-IO,3,"s3,streaming,github,search,code,data,api,lake","This streams a Github code search using Streamdata.io, pulling data via the API and turning it into a stream and publishing the results to an Amazon S3 data lake."
kinesis-firehose-process-record-python,arn:aws:serverlessrepo:us-east-1:077246666028:applications/kinesis-firehose-process-record-python,AWS,3,,An Amazon Kinesis Firehose stream processor that accesses the records in the input and returns them with a processing status.  Use this processor for any custom transformation logic.
ApplicationCostMonitoring,arn:aws:serverlessrepo:us-east-1:641494176294:applications/ApplicationCostMonitoring,ServerlessOps,3,"python,billing",Application Cost Monitoring provides granular AWS spend tracking. Note: You must also deploy an ApplicationCostMonitoring publisher to send the data to a desired location or service. See the README for more.
StreamData-IO-Twitter-Search,arn:aws:serverlessrepo:us-east-1:879370021840:applications/StreamData-IO-Twitter-Search,Streamdata-IO,3,"s3,streaming,twitter,search,data,api,lake","This streams a Twitter search using Streamdata.io, pulling data via the API and turning it into a stream and publishing the results to an Amazon S3 data lake."
kinesis-analytics-process-record-python,arn:aws:serverlessrepo:us-east-1:077246666028:applications/kinesis-analytics-process-record-python,AWS,3,"transform,python,Kinesis,AWS,sample",An Amazon Kinesis Analytics record pre-processor that receives JSON or CSV records as input and returns them with a processing status. Use this processor as a starting point for custom transformation logic.
FunctionShield-Nodejs8-Hello-World-Protected-Function,arn:aws:serverlessrepo:us-east-1:761130837472:applications/FunctionShield-Nodejs8-Hello-World-Protected-Function,PureSec,3,"security,lambda","This app is a sample of a function empowered by a security library, FunctionShield, that gives you an easy way to enforce strict security controls on your lambda function runtime."
ACM-DynamoDB-Publisher,arn:aws:serverlessrepo:us-east-1:641494176294:applications/ACM-DynamoDB-Publisher,ServerlessOps,2,"billing,dynamodb,python",Writes items from AWS Application Cost Monitoring to AWS DynamoDB. NOTE: This requires AWS Application Cost Monitoring to be deployed first. Please see README.
kim-demo,arn:aws:serverlessrepo:us-east-1:584518143473:applications/kim-demo,Kim,2,lambda,https://github.com/humank/sam-local-demo/tree/master/hello_world
rekognition-sqs,arn:aws:serverlessrepo:us-east-2:497649417889:applications/rekognition-sqs,Kashif Imran Ganesh Shankaran,2,"Rekognition,SQS,DynamoDB,source,event,Image,analysis,Lambda","Using SQS as an event source, trigger a Lambda function to perform image analysis using Amazon Rekognition and write the output to a DynamoDB table."
HDFproc,arn:aws:serverlessrepo:us-east-1:339543757547:applications/HDFproc,ryfeus,2,"netcdf,hdf4,hdf,hdf5","HDF4, HDF5, NetCDF editor and creator. Enables to create/modify custom HDF files and read them."
aws-serverless-financial-functions-npv,arn:aws:serverlessrepo:us-east-1:077246666028:applications/aws-serverless-financial-functions-npv,AWS,2,"excel,AWS,Lambda,finance,financial-functions",Serverless app wrapping common financial function NPV (Net Present Value)
guardduty-log-uploader,arn:aws:serverlessrepo:us-east-1:783957204773:applications/guardduty-log-uploader,Masayoshi Mizutani,2,"GuardDuty,Log,CloudWatch",S3 uploader of GuardDuty logs from CloudWatch Event
aws-serverless-financial-functions-pmt,arn:aws:serverlessrepo:us-east-1:077246666028:applications/aws-serverless-financial-functions-pmt,AWS,2,"excel,AWS,Lambda,finance,financial-functions",Serverless app wrapping common financial function PMT (payment for a loan based on constant payments and a constant interest rate)
streamdata-io-github-search-users,arn:aws:serverlessrepo:us-east-1:879370021840:applications/streamdata-io-github-search-users,Streamdata-IO,2,"s3,streaming,github,search,data,api,lake,users","This streams a Github users search using Streamdata.io, pulling data via the API and turning it into a stream and publishing the results to an Amazon S3 data lake."
aws-serverless-financial-functions-sln,arn:aws:serverlessrepo:us-east-1:077246666028:applications/aws-serverless-financial-functions-sln,AWS,2,"excel,AWS,Lambda,finance,financial-functions",Serverless app wrapping common financial function SLN (straight-line depreciation of an asset for one period)
FunctionShield-Nodejs6-Hello-World-Protected-Function,arn:aws:serverlessrepo:us-east-1:761130837472:applications/FunctionShield-Nodejs6-Hello-World-Protected-Function,PureSec,2,"security,lambda","This app is a sample of a function empowered by a security library, FunctionShield, that gives you an easy way to enforce strict security controls on your lambda function runtime."
exif-metadata-extractor,arn:aws:serverlessrepo:us-east-1:174570359254:applications/exif-metadata-extractor,Scott Horsfield,2,"exif,python,image",Lambda Function to extract EXIF data from images uploaded to an S3 bucket and store it in DynamoDB which can be used to build a catalog of EXIF data from images.
aws-serverless-financial-functions-ppmt,arn:aws:serverlessrepo:us-east-1:077246666028:applications/aws-serverless-financial-functions-ppmt,AWS,2,"excel,AWS,Lambda,finance,financial-functions","Serverless app wrapping common financial function PPMT (payment on the principal for a given investment based on periodic, constant payments and a constant interest rate)"
portable-serverless-app,arn:aws:serverlessrepo:us-east-1:024700040865:applications/portable-serverless-app,Danilo Poccia,2,"container,sqs,pattern,portable,api,gateway,queue,docker",A sample app that can run on AWS Lambda (using Amazon API Gateway or Amazon SQS) or as a web app (locally or in a Docker container).
kinesis-analytics-process-kpl-record,arn:aws:serverlessrepo:us-east-1:077246666028:applications/kinesis-analytics-process-kpl-record,AWS,2,"Kinesis,KPL,AWS,sample",An Amazon Kinesis Analytics record pre-processor that receives Kinesis Producer Library (KPL) aggregates of JSON or CSV records as input and returns de-aggregated records with a processing status.
kinesis-firehose-syslog-to-json,arn:aws:serverlessrepo:us-east-1:077246666028:applications/kinesis-firehose-syslog-to-json,AWS,2,,An Amazon Kinesis Firehose stream processor that converts input records from RFC3164 Syslog format to JSON.
LightGBM,arn:aws:serverlessrepo:us-east-1:339543757547:applications/LightGBM,ryfeus,2,"scipy,boosting,decision,LightGBM,sklearn,tree,ranking,classification,ML","LightGBM (gradient boosting framework) for deploying ML models based on decision tree algorithms, used for ranking, classification and many other machine learning tasks. Also contains sklearn, scipy and numpy libs."
crop,arn:aws:serverlessrepo:us-east-1:233054207705:applications/crop,evanchiu,2,"s3,image,transform,nodejs,serverless-galleria",Copy and crop images using Lambda.
sns-subscriber-lambda-s3,arn:aws:serverlessrepo:us-east-1:375983427419:applications/sns-subscriber-lambda-s3,Aleksandar Simovic,2,"s3,lambda,subscribe,sns,nodejs","This is a SNS Lambda subscriber that stores the SNS message data into an S3 Bucket.

Written in Node.js.

It's a Nuts & Bolts application component for AWS Serverless Application Repository."
StreamData-IO-Github-Org-Events,arn:aws:serverlessrepo:us-east-1:879370021840:applications/StreamData-IO-Github-Org-Events,Streamdata-IO,2,"s3,streaming,github,data,organizations,api,lake,events","This streams all new events from a Github Organization using Streamdata.io, pulling data via the API and turning it into a stream and publishing the results to an Amazon S3 data lake."
StreamData-IO-Github-Events,arn:aws:serverlessrepo:us-east-1:879370021840:applications/StreamData-IO-Github-Events,Streamdata-IO,2,"s3,streaming,github,data,api,lake,events","This streams all new events from Github using Streamdata.io, pulling data via the API and turning it into a stream and publishing the results to an Amazon S3 data lake."
streamdata-io-github-search-issues,arn:aws:serverlessrepo:us-east-1:879370021840:applications/streamdata-io-github-search-issues,Streamdata-IO,2,"s3,streaming,github,search,data,api,issues,lake","This streams a Github issue search using Streamdata.io, pulling data via the API and turning it into a stream and publishing the results to an Amazon S3 data lake."
inspector-scheduled-run,arn:aws:serverlessrepo:us-east-1:077246666028:applications/inspector-scheduled-run,AWS,2,"Inspector,AWS,sample",Schedules a recurring Amazon Inspector assessment run
kinesis-firehose-apachelog-to-json,arn:aws:serverlessrepo:us-east-1:077246666028:applications/kinesis-firehose-apachelog-to-json,AWS,2,"convertor,Kinesis,Firehose,AWS,sample",An Amazon Kinesis Firehose stream processor that converts input records from Apache Common Log format to JSON.
nodejs-upgrade-functions,arn:aws:serverlessrepo:us-east-1:077246666028:applications/nodejs-upgrade-functions,AWS,2,,Upgrade deprecated Nodejs v0.10 functions to a newer runtime.
ObjectDetector,arn:aws:serverlessrepo:us-east-2:613641562961:applications/ObjectDetector,Purple Alpha LLC,1,"Tensorflow,DNN,AI,DL,ML",A serverless Object Detection function based on COCO dataset (http://cocodataset.org/).
kim-demo2,arn:aws:serverlessrepo:us-east-1:584518143473:applications/kim-demo2,Kim,1,,demo usage.
aws-serverless-financial-functions-nper,arn:aws:serverlessrepo:us-east-1:077246666028:applications/aws-serverless-financial-functions-nper,AWS,1,"excel,AWS,Lambda,finance,financial-functions","Serverless app wrapping common financial function NPER (number of periods for an investment based on periodic, constant payments and a constant interest rate)"
s3-signed-urls,arn:aws:serverlessrepo:us-east-1:798398642570:applications/s3-signed-urls,Chris Coombs,1,"s3,api-gateway,signed",API Gateway access (GET/PUT) to S3 objects using signed URLs. This bypasses the API Gateway payload size limit of 10 MB.
asg-event-to-datadog,arn:aws:serverlessrepo:us-east-1:641494176294:applications/asg-event-to-datadog,ServerlessOps,1,"datadog,autoscaling","Send ASG events to Datadog to help pinpoint issues caused by the scaling of a service.

Requires following parameters to be set which are obtained from the Datadog platform:

* DatadogApiKey
* DatadogAppKey
"
StreamData-IO-Hacker-News-New,arn:aws:serverlessrepo:us-east-1:879370021840:applications/StreamData-IO-Hacker-News-New,Streamdata-IO,1,"s3,streaming,data,HN,api,lake,hacker-news","This streams all new items posted to Hacker News using Streamdata.io, pulling data via the API and turning it into a stream and publishing the results to an Amazon S3 data lake."
StreamData-IO-Github-Search-Repositories,arn:aws:serverlessrepo:us-east-1:879370021840:applications/StreamData-IO-Github-Search-Repositories,Streamdata-IO,1,"s3,streaming,github,search,data,repositories,api,lake","This streams a Github repositories search using Streamdata.io, pulling data via the API and turning it into a stream and publishing the results to an Amazon S3 data lake."
ThundraImageLinkExtractor,arn:aws:serverlessrepo:us-east-1:269863060030:applications/ThundraImageLinkExtractor,Thundra,1,"monitoring,tracing,debugging,profiling,insturmentation,java,lambda,example",An example project to monitor Java lambda functions via Thundra. You just need to create an API key from Thundra and see the rest!
StreamData-IO-Reddit-Search,arn:aws:serverlessrepo:us-east-1:879370021840:applications/StreamData-IO-Reddit-Search,Streamdata-IO,1,"streaming,reddit,search,data,lake,s3,api","This streams a Reddit search using Streamdata.io, pulling data via the API and turning it into a stream and publishing the results to an Amazon S3 data lake."
MapTile,arn:aws:serverlessrepo:us-east-1:242721718429:applications/MapTile,HERE Technologies,1,"map,tile","Show fresh day-time map tiles in multiple styles (e.g. base, aerial) including rendered live-traffic tiles for flow overlay."
sns2slack,arn:aws:serverlessrepo:us-east-1:903779448426:applications/sns2slack,Pahud Hsieh,1,,SNS HTTPS endpoint to Slack relay service
SmartThings-Temperature-Measurements,arn:aws:serverlessrepo:us-east-1:180953841693:applications/SmartThings-Temperature-Measurements,Sandu Potter,1,"Temperature,EmailReport,SmartThings,IOT",Generate a periodic email that lists the temperature reported by all devices that have a temperature sensor in the configured SmartThings account.
sns-lambda-put-cloudwatch,arn:aws:serverlessrepo:us-east-1:375983427419:applications/sns-lambda-put-cloudwatch,Aleksandar Simovic,1,"lambda,metric,sns,cloudwatch,nodejs,put","This is a SNS Lambda subscriber that puts notification data into a CloudWatch metric.
Written in Node.js. It's a Nuts & Bolts application component for AWS Serverless Application Repository."
aws-serverless-financial-functions-mirr,arn:aws:serverlessrepo:us-east-1:077246666028:applications/aws-serverless-financial-functions-mirr,AWS,1,"excel,AWS,Lambda,finance,financial-functions","Serverless app wrapping common financial function MIRR (internal rate of return for a series of periodic cash flows, considering both cost of investment and interest on reinvestment of cash)"
Datadog-Log-Forwarder,arn:aws:serverlessrepo:us-east-1:464622532012:applications/Datadog-Log-Forwarder,Datadog,1,"s3,analytics,tail,datadog,cloudwatch,metrics,logs,alerting","The Datadog log forwarder ships logs stored in S3 and CloudWatch Logs to Datadog for live search, analytics, and alerting."
OnesieBazaar,arn:aws:serverlessrepo:us-east-1:175220162380:applications/OnesieBazaar,Shay Malchi,1,"skill,alexa","Onesie Bazaar is an Alexa Skill, made for sharing unneeded baby clothes."
aurora-api,arn:aws:serverlessrepo:us-east-1:233054207705:applications/aurora-api,evanchiu,1,"Aurora,NOAA,Forecast,API,nodejs",Provide an structured data API on top of NOAA's Aurora Forecast
signalfx-enhanced-rds-metrics,arn:aws:serverlessrepo:us-east-1:134183635603:applications/signalfx-enhanced-rds-metrics,SignalFx,1,"enhanced,rds,realtime,metrics,signalfx",Parses enhanced RDS metrics from CloudWatch Logs and sends them to SignalFx.
fstinfo,arn:aws:serverlessrepo:us-east-1:175313807745:applications/fstinfo,Kyle Goehner,1,"fst,openfst,fstinfo","This application creates an API Gateway endpoint for a lambda function for executing OpenFST's fstinfo tool.

http://www.openfst.org/twiki/bin/view/FST/WebHome"
Cleaner,arn:aws:serverlessrepo:us-east-1:484597657167:applications/Cleaner,Verdi March,1,"asg,ec2,autoscaling,clean","This SAM automates the cleaning-up of AWS resources created by EC2 instances that are members of an ASG, to prevent those resources from lingering forever in your AWS account."
MWSAlerts,arn:aws:serverlessrepo:us-east-1:571470629533:applications/MWSAlerts,Juan Murillo,1,"SQS,XML,SNS,Lambda,Python",This app consists of an SQS Queue subscribed to Amazon MWS notifications. New messages trigger a Lambda function that parses XML and publishes the JSON contents to an SNS topic to send via email.
codepipeline-s3-deploy,arn:aws:serverlessrepo:us-east-1:775015977546:applications/codepipeline-s3-deploy,Sami Tanbouz,1,"codepipeline,s3,deploy",Unwraps compressed input artifact(s) and deploys the files to a S3 bucket with mime types. It attempts to only deploy modified files by checking S3 object Etag against md5 hash of the data. You can optionally invalidate CloudFront after deployment.
Places,arn:aws:serverlessrepo:us-east-1:242721718429:applications/Places,HERE Technologies,1,"places,map,POI,address","Find (e.g., search for name, type, category), discover (e.g., look into address, contact info) and interact with POI information (e.g., enable user reviews, photos)."
xxx,arn:aws:serverlessrepo:us-east-2:920068447043:applications/xxx,xxx,0,xxx,xxx
helloWorldLex,arn:aws:serverlessrepo:us-east-1:034353605017:applications/helloWorldLex,Terren Peterson,0,"hello,world,nodejs,lex",Code base for basic Hello World chatbot based on AWS Lex service and AWS Lambda
SecretsManagerRDSSQLServerRotationMultiUser,arn:aws:serverlessrepo:us-east-1:297356227824:applications/SecretsManagerRDSSQLServerRotationMultiUser,AWS Secrets Manager,0,,Conducts an AWS SecretsManager secret rotation for RDS SQL Server using the multiple user rotation scheme
test,arn:aws:serverlessrepo:us-east-1:920068447043:applications/test,test,0,test,<img src=x onerror=alert(1);>
signalfx-enhanced-rds-metrics-encrypted,arn:aws:serverlessrepo:us-east-1:134183635603:applications/signalfx-enhanced-rds-metrics-encrypted,SignalFx,0,"signalfx,rds,enhanced,metrics,realtime",Parses enhanced RDS metrics from CloudWatch Logs and sends them to SignalFx. This application requires that you encrypt your access token using a KMS encryption key.
aws-serverless-financial-functions-nominal,arn:aws:serverlessrepo:us-east-1:077246666028:applications/aws-serverless-financial-functions-nominal,AWS,0,"AWS,Lambda,finance,excel,financial-functions",Serverless app wrapping common financial function NOMINAL (annual nominal interest rate)
aws-serverless-financial-functions-irr,arn:aws:serverlessrepo:us-east-1:077246666028:applications/aws-serverless-financial-functions-irr,AWS,0,"AWS,Lambda,finance,excel,financial-functions",Serverless app wrapping common financial function IRR (internal rate of return for a series of cash flows)
aws-serverless-financial-functions-rate,arn:aws:serverlessrepo:us-east-1:077246666028:applications/aws-serverless-financial-functions-rate,AWS,0,"AWS,Lambda,finance,excel,financial-functions",Serverless app wrapping common financial function RATE (interest rate per period of a loan or an investment)
aws-serverless-financial-functions-fvschedule,arn:aws:serverlessrepo:us-east-1:077246666028:applications/aws-serverless-financial-functions-fvschedule,AWS,0,"AWS,Lambda,finance,excel,financial-functions",Serverless app wrapping common financial function FVSCHEDULE (Future Value after applying a series of compound interest rates).
splunk-elb-classic-access-logs-processor,arn:aws:serverlessrepo:us-east-1:708419456681:applications/splunk-elb-classic-access-logs-processor,Splunk,0,"splunk,elb,elb-classic,load-balancer,hec,nodejs",Stream access logs of ELB Classic Load Balancer(s) from S3 to Splunk HTTP Event Collector (HEC).
dynamodb-scaling-event-to-datadog,arn:aws:serverlessrepo:us-east-1:641494176294:applications/dynamodb-scaling-event-to-datadog,ServerlessOps,0,"dynamodb,datadog,autoscaling","Send DynamoDB scaling events to Datadog to pinpoint issues caused by the scaling of Tables.

Requires the following configuration from Datadog.

* DatadogApiKey
* DatadogAppKey

"
SlsImgResizerNetCore,arn:aws:serverlessrepo:us-east-1:538510314095:applications/SlsImgResizerNetCore,sliedig,0,"image-processing,dotnetcore2","Simple example that demonstrates how to resize images on-the-fly using Amazon API Gateway, AWS Lambda, and Amazon S3 using DotNet Core 2.0.

---- REQUIRES dotnetcore 2.0 ---- "
Routing,arn:aws:serverlessrepo:us-east-1:242721718429:applications/Routing,HERE Technologies,0,"routing,map","Provide precise instructions to a destination using various transport modes (e.g., car, truck, public transit, bicycle) and leveraging different algorithms (e.g., matrix, isoline routing)."
SecretsManagerRDSOracleRotationMultiUser,arn:aws:serverlessrepo:us-east-1:297356227824:applications/SecretsManagerRDSOracleRotationMultiUser,AWS Secrets Manager,0,,Conducts an AWS SecretsManager secret rotation for RDS Oracle using the multiple user rotation scheme
cloudfront-s3-origin-website-redirects,arn:aws:serverlessrepo:us-east-1:646719517841:applications/cloudfront-s3-origin-website-redirects,Sander Knape,0,"cloudfront,s3,redirect",A function that implements standard webserver redirects for when using the S3 REST API endpoint as an origin for a CloudFront distribution.
aws-serverless-financial-functions-effect,arn:aws:serverlessrepo:us-east-1:077246666028:applications/aws-serverless-financial-functions-effect,AWS,0,"AWS,Lambda,finance,excel,financial-functions",Serverless app wrapping common financial function EFFECT (effective annual interest rate)
sstest,arn:aws:serverlessrepo:us-east-2:371444783282:applications/sstest,sstest,0,,This is a test
Log4J-To-S3-Helper,arn:aws:serverlessrepo:us-east-1:813217766974:applications/Log4J-To-S3-Helper,MABH,0,,"This app provides 2 helper lambda functions which are useful for building a data pipeline for streaming Log4J log events from your application host to S3. Later you can use AWS Athena to query these log events in S3 using SQL
Refer README"
s3-cost-explorer,arn:aws:serverlessrepo:us-east-1:517266833056:applications/s3-cost-explorer,Marek Kuczynski,0,"costexplorer,s3,cost","Retrieve AWS cost reports through AWS Lambda which writes results to S3. You can then leverage Athena to create billing reports on demand.
"
image-inference,arn:aws:serverlessrepo:us-east-2:613641562961:applications/image-inference,Purple Alpha LLC,0,"TenserFlow,Inception5,Inference,Image,AI,ML,java",Use Inception5 model to label Images using TensorFlow in Java.
aws-serverless-financial-functions-xnpv,arn:aws:serverlessrepo:us-east-1:077246666028:applications/aws-serverless-financial-functions-xnpv,AWS,0,"AWS,Lambda,finance,excel,financial-functions",Serverless app wrapping common financial function XNPV (net present value for a schedule of cash flows)
splunk-dynamodb-stream-processor,arn:aws:serverlessrepo:us-east-1:708419456681:applications/splunk-dynamodb-stream-processor,Splunk,0,"splunk,dynamodb,dynamodb-stream,hec,nodejs",Stream events from AWS DynamoDB Stream to Splunk HTTP Event Collector (HEC).
ProjectYalk,arn:aws:serverlessrepo:us-east-1:649854575814:applications/ProjectYalk,Yasith Lokuge,0,"yalk,motivation,inspiration",Project Yalk is a non profit organization formed to help people with mental health problems. Yalk chat-bot provides motivation for people who are going through difficult periods in life. 
SecretsManagerRDSMariaDBRotationMultiUser,arn:aws:serverlessrepo:us-east-1:297356227824:applications/SecretsManagerRDSMariaDBRotationMultiUser,AWS Secrets Manager,0,,Conducts an AWS SecretsManager secret rotation for RDS MariaDB using the multiple user rotation scheme
