tags,count
lambda,64
s3,52
nodejs,41
AWS,41
dynamodb,27
api,26
Lambda,25
sample,24
python,24
excel,17
finance,17
alexa,16
financial-functions,16
serverless,16
data,16
image,14
sns,14
logs,13
api-gateway,12
lake,11
metrics,11
streaming,11
CloudWatch,10
Kinesis,9
monitoring,9
slack,9
map,9
splunk,8
events,8
convert,8
search,8
transform,8
cloudwatch,7
github,7
tracing,7
skill,6
aws,6
hec,6
ML,6
ec2,6
SNS,6
serverless-galleria,6
codepipeline,6
realtime,5
rekognition,5
OCTO,5
octo,5
put,5
trigger,5
rds,5
Firehose,5
alb,5
twitter,5
debugging,5
signalfx,5
DynamoDB,5
datadog,5
lex,4
S3,4
java,4
iot,4
insturmentation,4
Slack,4
test,4
parse,4
billing,4
vpc,4
convertor,4
cost,4
example,4
auto,4
enhanced,4
elasticsearch,4
world,3
webhook,3
SQS,3
logging,3
autoscaling,3
location,3
website,3
chromium,3
elb,3
Target,3
wrapper,3
analytics,3
hello,3
event,3
headless,3
go,3
ALB,3
manage,3
gateway,3
fact,3
filter,3
chrome,3
target,3
notification,3
publish,3
react,3
report,3
profiling,3
Image,3
save,3
security,3
observability,3
selenium,3
numpy,3
saving,3
monitor,3
mp3,3
chime,3
ml,3
Rekognition,3
skills,3
cloudwatchevents,2
python3,2
edge,2
ses,2
clean,2
cloudformation,2
docker,2
distributed-tracing,2
deploy,2
routing,2
spam,2
rss,2
salesforce,2
word,2
csv,2
cors,2
copy,2
web-scraping,2
source,2
container,2
contact-us,2
cloudfront,2
sqs,2
stop,2
static,2
panw,2
mathematics,2
log,2
subscribe,2
json,2
store,2
item,2
oauth2,2
twilio,2
html,2
opencv,2
pandas,2
guardduty,2
pandoc,2
get,2
puppeteer,2
pdf,2
game,2
photo,2
update,2
picture,2
podcast,2
facts,2
polling,2
processing,2
web,2
web-app,2
markdown,2
email,2
load-balancer,2
AI,2
apigateway,2
SmartThings,2
aws-lambda,2
aws-iot,2
SQL,2
alexa-skills-kit,2
IOT,2
bot,2
alexa-for-business,2
analysis,2
authorizer,2
Salesforce,2
EmailReport,2
Chime,2
IoT,2
Energy,2
Alexa,2
API,2
Greengrass,2
ai,2
LTE-M,2
Python,2
Python3,2
audio,2
ATT,2
Revolution11,2
Tek-Connect,2
Sync,2
recaptcha,1
Inspector,1
recognition,1
real-time,1
Integration,1
cd,1
ranking,1
queue,1
questions,1
recycle,1
JSON,1
KPL,1
pyresttest,1
KinesisVideo,1
Labels,1
protection,1
python36,1
release,1
reddit,1
redirect,1
scanii,1
scan,1
GuardDuty,1
HN,1
HTML,1
sam,1
salesforce-api-access-manager,1
HotdogNotHotdog,1
s3_to_PDF,1
IM,1
rsvg,1
ImageMagick,1
routine,1
router,1
resize,1
repositories,1
Inception5,1
remove,1
LightGBM,1
Inference,1
regression,1
Lambda@Edge,1
portable,1
private,1
Nudity,1
owasp,1
origin,1
organizations,1
openidconnect,1
openfst,1
Office_to_PDF,1
open-data,1
one,1
office,1
PDF,1
ocr,1
PGP,1
object-detection,1
POI,1
PPTX,1
nrt,1
nodejs810,1
nodejs6,1
node,1
newrelic,1
netcdf,1
natural,1
myip,1
packer,1
NOAA,1
privacy,1
NLP,1
presigned-url,1
presentation,1
power,1
positioning,1
scikit,1
Log,1
Logging,1
png,1
plantuml,1
places,1
pipeline,1
ping,1
pillow,1
pil,1
Loggly,1
Markdown,1
phone-home,1
phantomJS,1
performance,1
Moderation,1
payment,1
pattern,1
Monitoring,1
science,1
FileMaker,1
scipy,1
upload,1
unzip,1
unlimited,1
uncompress,1
CD,1
CI,1
tweet,1
trivia,1
tree,1
transit,1
Choices,1
trafficcop,1
traffic,1
track,1
CloudFront,1
tollcost,1
toll,1
todo,1
tile,1
thumbnail,1
thegeocloud,1
text,1
tests,1
testing,1
Buzzle,1
url,1
CodePipeline,1
users,1
zip,1
yaml,1
yalk,1
xxx,1
xml,1
xlsx,1
wrangler,1
Age,1
wikipedia,1
whatismyip,1
Amazon,1
webdriver,1
Aurora,1
Authorizer,1
Battery,1
weather,1
warmup,1
vulnerable,1
Bucket,1
volumes,1
vocal,1
video,1
uvasoftware,1
test-app,1
tesseract,1
scraping,1
Dynamodb,1
ELK,1
software,1
socrata,1
socialgood,1
EMR,1
snowflake,1
slash,1
EMail,1
sklearn,1
EPUB,1
EXIF,1
site,1
simulation,1
simple,1
signed-url,1
signed,1
shop,1
Environment,1
multiple,1
sentimentanalysis,1
send,1
Forecast,1
Games,1
spacy,1
spatialdata,1
tensorflow,1
spell,1
Cognito,1
tail,1
t2,1
svg,1
survey,1
suneet,1
sumologic,1
Connect,1
stripe,1
Content,1
stream,1
DL,1
DNN,1
stock,1
statistics,1
static-site,1
DOCX,1
start,1
stack,1
ssid,1
DeepLens,1
Dynamic,1
sphero,1
my-test-app,1
monetization,1
ms-word_to_PDF,1
dynamodb-stream,1
download,1
dotnetcore2,1
dog,1
docx_to_PDF,1
docx,1
documents,1
document,1
doctor,1
doc_to_PDF,1
dnd,1
dl,1
auth0,1
dispatch,1
disaster-response,1
dice,1
devops,1
deployment,1
authentication,1
demo,1
delete,1
deep-learning,1
decompress,1
decision,1
asg,1
appsync,1
dashboard,1
ecr,1
alert,1
alerting,1
facebook,1
expiry,1
exif,1
exchange,1
exception-tracking,1
examples,1
all,1
amplify,1
etsy,1
error-tracking,1
anagram,1
energy,1
endpoint,1
encryption,1
emergency,1
elb-classic,1
elb-application,1
analyze,1
elastic,1
app,1
ecs,1
debug,1
cv,1
ffmpeg,1
code,1
boosting,1
cloudtrail,1
bucket,1
cairo,1
cleanup,1
callback,1
classmethod,1
classification,1
civic,1
citybiking,1
city,1
cimpress,1
ci,1
canary,1
canvas,1
china,1
carrierlookup,1
children,1
child,1
checker,1
chatops,1
charge,1
cfn_nag,1
cluster,1
codedeploy,1
custom-resource,1
book,1
backend,1
cryptocurrency,1
cribl,1
create,1
crawler,1
count,1
costexplorer,1
basic-welcome,1
beacons,1
bike,1
bikeshare,1
converter,1
biking,1
continiour-delivery,1
bjs,1
blockchain,1
contact,1
computervision,1
computer-vision,1
compression,1
comprehend,1
cognito,1
codestar,1
failed-emr,1
ffmpg,1
mp4,1
logzio,1
login,1
logicmonitor,1
Skill,1
Start,1
load,1
listings,1
Stories,1
lending-app,1
learning,1
learn,1
language,1
lambda@edge,1
Tag,1
kinesis-stream,1
kinesis-firehose,1
kinesis,1
keras,1
Tagging,1
jpg,1
Tags,1
items,1
issues,1
ip,1
SageMaker,1
lookml,1
internal,1
lunrjs,1
Questions,1
mov,1
motivation,1
Recycling,1
Rekogntion,1
cfn,1
mitigation,1
microsoft,1
S3Select,1
metric,1
messenger,1
medicine,1
SES,1
math,1
market,1
SGs,1
mapping,1
mapimage,1
SMS,1
macie,1
machine-learning,1
machine,1
mac,1
Temperature,1
TenserFlow,1
file,1
graphql,1
gpg,1
golang,1
Word_to_PDF,1
XLSX,1
gis,1
XML,1
geospatial,1
geolocation,1
geojson,1
geocode,1
generator,1
generate,1
acloudguru,1
games,1
address,1
fstinfo,1
fst,1
flowlogs,1
flowlog,1
flip,1
firehose,1
adobe,1
alarm,1
graphics,1
WRK,1
inspiration,1
hacker-news,1
ingestion,1
index,1
in-skill-purchasing,1
imagesrecognition,1
image-processing,1
Tensorflow,1
humantrafficking,1
human-trafficking,1
Text,1
htm,1
howto,1
hodor,1
here,1
hello-world,1
Topic,1
Trigger,1
healthcheck,1
health-check,1
health,1
Twitter,1
hdf5,1
hdf4,1
hdf,1
zipcode,1
